Year,Location,LocYr,Block,Row,Range,Plot,Line,Entry,RhizoShootDryWt,HeadingDate,MaturityDate,GrainFill,PlantHeight,TillerNumber,Biomass,HarvestIndex,Yield,TestWeight,Plump,Protein,GrainMoisture
2021,BZ,BZ21,1,1,1,101,08N2-90,117,2.158333333,178,216,38,20.86614173,645.8349031,1522.806942,0.370859055,3308.063787,48.3,99.33142311,12.4,
2021,BZ,BZ21,1,2,1,102,08N2-42,99,1.855714286,175,211,36,22.24409449,559.7235827,1135.306,0.434865053,4125.280412,46.3,97.10663199,11,
2021,BZ,BZ21,1,3,1,103,Merit57,236,1.66,179,211,32,23.22834646,631.4830163,1037.71317,0.41006846,4223.902828,47.1,87.97110553,12.2,
2021,BZ,BZ21,1,4,1,104,07N2-23,47,2.472,176,209,33,22.83464567,767.8259403,1499.843923,0.269365102,3868.643514,49.9,98.43930636,12.4,
2021,BZ,BZ21,1,5,1,105,08WA-32,130,2.373333333,181,207,26,25,660.1867898,1175.491283,0.334533911,4250.028061,48.3,92.76214043,12.9,
2021,BZ,BZ21,1,6,1,106,2MS14_3317-014,211,2.07,180,211,31,25.19685039,595.6032995,1072.157699,0.446422596,4230.52024,49.7,96.95785654,11.2,
2021,BZ,BZ21,1,7,1,107,07N2-47,57,2.638571429,173,210,37,21.8503937,495.1400924,1065.69935,0.39929971,3622.209717,49.2,97.53551754,13,
2021,BZ,BZ21,1,8,1,108,2MS14_3337-013,221,2.453333333,179,211,32,24.60629921,552.5476393,1186.255198,0.307301434,4653.52982,49.2,96.71884407,12,
2021,BZ,BZ21,1,9,1,109,08N2-78,114,2.42625,174,211,37,22.24409449,681.7146199,1298.917509,0.330368488,3651.11488,48.1,98.36877367,11.7,
2021,BZ,BZ21,1,10,1,110,2MS14_3301-021,186,2.105,176,209,33,18.50393701,696.0665066,1143.199538,0.449438202,4649.492233,48.6,97.16705607,11.4,
2021,BZ,BZ21,1,11,1,111,Lavina,235,1.227777778,178,201,23,24.80314961,681.7146199,1308.246235,0.374088092,4636.47304,47.2,78.04136253,12.7,
2021,BZ,BZ21,1,12,1,112,08N2-66,108,1.697142857,181,212,31,22.63779528,746.2981102,1512.043027,0.433771534,4133.587923,48.3,94.66019417,12.4,
2021,BZ,BZ21,1,12,2,113,2MS14_3304-022,189,1.513333333,180,209,29,20.66929134,645.8349031,1313.269396,0.437134583,4478.05319,51.6,96.21424565,13.5,
2021,BZ,BZ21,1,11,2,114,07N2-28,49,1.125,179,209,30,20.47244094,638.6589597,1109.831401,0.460364671,3730.943753,49.4,98.58852409,13.5,
2021,BZ,BZ21,1,10,2,115,Odyssey,237,1.094285714,183,211,28,20.66929134,703.24245,1224.861773,0.452281915,4115.944278,49.1,97.64204545,12.3,
2021,BZ,BZ21,1,9,2,116,Hockett,234,1.403333333,181,208,27,23.62204724,631.4830163,1181.949632,0.278064477,4442.995756,50.4,95.21492295,12.5,
2021,BZ,BZ21,1,8,2,117,09N2-62,165,1.667142857,177,209,32,24.80314961,595.6032995,1307.456882,0.425356751,4141.725055,48.6,98.82766706,11.3,
2021,BZ,BZ21,1,7,2,118,09N2-90,177,1.482857143,181,211,30,23.81889764,574.0754694,1222.421953,0.368065747,4351.148282,47.4,96.08794051,12.6,
2021,BZ,BZ21,1,6,2,119,09AB-51,139,1.698571429,181,214,33,20.66929134,502.3160357,1255.144254,0.401920988,3711.620829,48.5,95.68345324,13.2,
2021,BZ,BZ21,1,5,2,120,07N2-56,58,2.155,173,209,36,17.71653543,796.5297138,1198.597821,0.321499132,3593.726297,49,98.55570839,13.9,
2021,BZ,BZ21,1,4,2,121,06N2-56,16,1.698333333,175,209,34,24.21259843,653.0108464,1226.799278,0.411792232,3598.527474,48.1,97.62831858,12,
2021,BZ,BZ21,1,3,2,122,08AB-24,76,2.041666667,180,209,29,20.47244094,480.7882056,1155.398642,0.414259984,4035.532286,47.6,93.97734049,13.1,
2021,BZ,BZ21,1,2,2,123,09N2-31,156,1.598571429,179,218,39,23.42519685,602.7792429,1151.73891,0.441121495,3813.848594,50.2,98.54159761,11.7,
2021,BZ,BZ21,1,1,2,124,07N2-43,54,2.44,174,209,35,20.07874016,703.24245,1333.362037,0.388568968,3271.077451,47.6,96.27826087,13.3,
2021,BZ,BZ21,2,13,1,201,Odyssey,237,1.676666667,180,211,31,22.24409449,609.9551862,1293.176754,0.381221908,4854.018253,48.5,97.54791432,11.3,
2021,BZ,BZ21,2,14,1,202,07N2-45,55,2.982857143,176,209,33,21.25984252,552.5476393,1357.760245,0.410654828,4012.227988,48,98.06085919,11.6,
2021,BZ,BZ21,2,15,1,203,Lavina,235,1.372857143,178,204,26,25.98425197,789.3537704,1285.211457,0.390284757,4551.410024,47.7,77.91044776,12.6,
2021,BZ,BZ21,2,16,1,204,2MS14_3314-015,205,1.898333333,178,211,33,23.03149606,703.24245,1341.973169,0.418159457,4318.750444,49.7,97.12931996,12,
2021,BZ,BZ21,2,17,1,205,08N2-69,110,1.905,177,217,40,25.39370079,538.1957526,1227.87567,0.435976857,3854.098391,49.5,98.95318407,12,
2021,BZ,BZ21,2,18,1,206,2MS14_3335-007,218,1.936666667,180,214,34,24.40944882,559.7235827,1326.903688,0.452111838,5326.305043,50,94.60976979,10.2,
2021,BZ,BZ21,2,19,1,207,2MS14_3328-025,217,2.988,175,207,32,22.83464567,832.4094306,1734.497271,0.457573125,3199.362277,49.4,96.58536585,13.1,
2021,BZ,BZ21,2,20,1,208,09MT-76,148,1.694285714,181,214,33,24.40944882,624.307073,1430.954867,0.442806279,4743.944291,50.5,97.28021978,10.9,
2021,BZ,BZ21,2,21,1,209,08N2-71,112,1.975714286,175,214,39,22.04724409,595.6032995,1217.111755,0.418607393,4342.755962,47.9,98.2832618,10.7,
2021,BZ,BZ21,2,22,1,210,08AB-48,81,2.056666667,180,212,32,22.44094488,645.8349031,1374.264914,0.421910083,4647.486929,49,84.17411358,11.7,
2021,BZ,BZ21,2,23,1,211,09AB-59,141,1.864285714,181,211,30,22.24409449,731.9462235,1172.620906,0.619301144,4620.275933,50.8,92.60905807,12,
2021,BZ,BZ21,2,24,1,212,08AB-34,78,1.538,180,211,31,20.86614173,782.1778271,1511.325433,0.466739471,4733.112121,48.5,96.33583381,12.8,
2021,BZ,BZ21,2,24,2,213,08N2-36,98,1.431428571,176,211,35,22.04724409,602.7792429,1146.069915,0.447060297,4377.048543,49.4,97.63333333,11.5,
2021,BZ,BZ21,2,23,2,214,07N2-25,48,1.43,178,214,36,22.83464567,681.7146199,1448.177131,0.458847431,3864.939055,50.6,98.00635654,13.7,
2021,BZ,BZ21,2,22,2,215,2MS14_3310-018,201,1.566666667,179,214,35,22.44094488,645.8349031,1271.648924,0.286665538,4256.476616,49.5,92.21611722,11.8,
2021,BZ,BZ21,2,21,2,216,07AB-55,26,1.424285714,185,214,29,23.22834646,574.0754694,1212.088594,0.449351726,5381.95,51.9,92.31191653,13.1,
2021,BZ,BZ21,2,20,2,217,08N2-95,119,2.176666667,183,207,24,22.04724409,602.7792429,1322.598122,0.442732353,4512.450545,49.5,96.0591133,13,
2021,BZ,BZ21,2,19,2,218,08MT-73,88,1.591666667,185,209,24,22.24409449,674.5386765,1162.574585,0.359237084,4869.073859,50.3,95.30749053,,
2021,BZ,BZ21,2,18,2,219,Hockett,234,1.515,181,209,28,22.04724409,559.7235827,1183.384821,0.393547996,4504.196879,51,96.21235641,12.2,
2021,BZ,BZ21,2,17,2,220,09N2-60,163,1.6,178,208,30,22.83464567,394.6768852,1116.648547,0.315532421,3931.69833,48,93.82916531,13.5,
2021,BZ,BZ21,2,16,2,221,09N2-48,160,1.331666667,176,212,36,22.04724409,581.2514128,1265.908169,0.41777677,4425.734175,51.8,98.18283478,12.3,
2021,BZ,BZ21,2,15,2,222,08N2-23,95,1.68625,181,214,33,21.8503937,523.8438658,1214.958972,0.447699486,4718.371874,49.2,98.15932408,10.4,
2021,BZ,BZ21,2,14,2,223,Merit57,236,1.28625,181,215,34,18.8976378,581.2514128,1438.13081,0.446085525,4212.636205,48.6,92.96066253,12.4,
2021,BZ,BZ21,2,13,2,224,2MS14_3302-011,187,2.273333333,179,209,30,19.88188976,487.964149,1053.500246,0.396430761,3861.024909,50.2,98.15781394,13.1,
2021,BZ,BZ21,3,1,3,301,Hockett,234,1.253333333,180,209,29,19.48818898,559.7235827,1040.583548,0.463416316,4498.936886,50.9,96.15701345,11.7,
2021,BZ,BZ21,3,2,3,302,07N2-83,61,1.465,176,209,33,21.65354331,552.5476393,1210.653406,0.434473357,3355.297581,49,97.95419847,12.5,
2021,BZ,BZ21,3,3,3,303,09N2-37,157,1.721666667,176,212,36,21.25984252,660.1867898,1266.841042,0.477512179,3832.949693,50.5,98.08477237,12.2,
2021,BZ,BZ21,3,4,3,304,2MS14_3306-017,193,1.472857143,180,209,29,22.83464567,617.1311296,1360.200065,0.45106832,4802.749667,48.4,98.0913823,11.9,
2021,BZ,BZ21,3,5,3,305,09MT-88,149,1.996666667,181,214,33,23.22834646,545.3716959,998.2454818,0.569333621,4448.16612,50.3,97.02831511,11.1,
2021,BZ,BZ21,3,6,3,306,08AB-05,67,1.846666667,184,215,31,21.65354331,696.0665066,1329.630547,0.434454099,3983.762943,50.2,92.85091543,12.4,
2021,BZ,BZ21,3,7,3,307,Merit57,236,2.368,180,209,29,19.29133858,710.4183934,1283.704509,0.414780032,4210.132676,47.6,87.0694864,11.7,
2021,BZ,BZ21,3,8,3,308,2MS14_3306-013,192,1.621666667,180,209,29,21.8503937,595.6032995,1297.195283,0.453061902,4542.739114,49.8,98.16639299,12.5,
2021,BZ,BZ21,3,9,3,309,07N2-68,60,1.483333333,177,212,35,21.25984252,502.3160357,908.5461898,0.481794487,3016.711117,47.3,95.30297598,11.3,
2021,BZ,BZ21,3,10,3,310,Odyssey,237,1.491428571,183,211,28,23.22834646,617.1311296,1095.120717,0.496035646,4874.19964,49.5,98.33008628,11.5,
2021,BZ,BZ21,3,11,3,311,08AB-46,79,2,181,210,29,21.45669291,753.4740536,1367.806565,0.516237343,4598.441207,49.3,93.41626214,12,
2021,BZ,BZ21,3,12,3,312,2MS14_3317-018,213,2.016,180,216,36,22.44094488,559.7235827,1045.606708,0.433051953,4483.9332,51.1,92.31404959,10.7,
2021,BZ,BZ21,3,12,4,313,08WA-16,124,1.63,182,211,29,20.27559055,581.2514128,1088.662368,0.454155955,5080.5608,49.8,95.62857143,11.8,
2021,BZ,BZ21,3,11,4,314,06N2-53,14,1.938333333,175,209,34,25,,,,4031.543897,50.2,98.03306727,11.8,
2021,BZ,BZ21,3,10,4,315,Lavina,235,1.57,180,207,27,27.16535433,782.1778271,1253.350269,0.413947097,4530.256413,48,82.99607369,12.7,
2021,BZ,BZ21,3,9,4,316,08N2-47,100,1.843333333,176,209,33,24.60629921,653.0108464,1202.759868,0.407493586,3617.74679,48.7,97.61602034,10.7,
2021,BZ,BZ21,3,8,4,317,08MT-11,83,1.455,182,211,29,22.63779528,,,,3937.804843,51.8,97.14670256,12.7,
2021,BZ,BZ21,3,7,4,318,08N2-18,91,2.278333333,178,214,36,25.39370079,595.6032995,1352.01949,0.438405605,4596.325091,48.6,99.13903061,13.6,
2021,BZ,BZ21,3,6,4,319,2MS14_3317-016,212,1.656666667,179,214,35,22.83464567,,,,4356.020066,52.1,97.02398151,10.7,
2021,BZ,BZ21,3,5,4,320,08AB-14,72,1.61,181,214,33,23.62204724,818.0575439,1613.223828,0.418575686,4920.372574,48.4,88.70038412,11.8,
2021,BZ,BZ21,3,4,4,321,06N2-51,13,1.756666667,177,211,34,21.8503937,667.3627332,1274.519301,0.46337481,4059.953527,49.5,97.77841071,12.9,
2021,BZ,BZ21,3,3,4,322,08N2-21,93,1.665714286,177,212,35,23.62204724,624.307073,1316.857367,0.276824151,4754.490046,49.4,98.97785349,11.1,
2021,BZ,BZ21,3,2,4,323,08MT-36,86,2.052857143,183,214,31,22.44094488,531.0198092,1072.157699,0.331303126,4109.753004,48.6,89.84399873,13.1,
2021,BZ,BZ21,3,1,4,324,06AB-32,2,1.675,180,210,30,21.45669291,559.7235827,1064.981755,0.452125868,3901.985509,48.7,92.3838081,12.9,
2021,BZ,BZ21,4,13,3,401,06WA-38,21,1.578,181,210,29,21.65354331,638.6589597,956.6250103,0.334558548,3750.706583,49.8,93.25710935,13,
2021,BZ,BZ21,4,14,3,402,06N2-31,9,1.908333333,178,214,36,20.86614173,,,,4455.48575,50.2,98.61111111,10.8,
2021,BZ,BZ21,4,15,3,403,08N2-20,92,1.763333333,176,211,35,20.07874016,660.1867898,1286.000811,0.443055633,4094.560817,49,99.08620164,11,
2021,BZ,BZ21,4,16,3,404,08N2-93,118,2.081666667,176,210,34,22.04724409,516.6679225,1018.338123,0.375590163,4414.89513,49.2,99.37238494,11.8,
2021,BZ,BZ21,4,17,3,405,2MS14_3342-022,231,1.714,180,214,34,25.98425197,602.7792429,1206.491358,0.48712306,3970.431324,50.2,96.85832839,13.2,
2021,BZ,BZ21,4,18,3,406,Lavina,235,1.745,180,207,27,23.22834646,645.8349031,1051.778019,0.395715358,4119.23752,47.2,73.54819094,12.2,
2021,BZ,BZ21,4,19,3,407,09N2-38,158,1.868571429,177,214,37,23.22834646,617.1311296,1194.148736,0.45970795,4318.450898,50.2,98.74041621,11.4,
2021,BZ,BZ21,4,20,3,408,08MT-28,84,1.615,182,209,27,22.04724409,681.7146199,1158.986613,0.3875921,4418.999904,48.9,93.88489209,12.2,
2021,BZ,BZ21,4,21,3,409,08AB-09,70,1.838333333,180,211,31,21.8503937,825.2334873,1535.72364,0.456053455,4390.893087,49.7,85.61306223,11.2,
2021,BZ,BZ21,4,22,3,410,09N2-39,159,1.535,176,214,38,19.48818898,645.8349031,952.3194443,0.595282948,4179.487016,50.9,97.03264095,11.4,
2021,BZ,BZ21,4,23,3,411,Merit57,236,1.275,180,214,34,20.47244094,609.9551862,1194.148736,0.417042245,4458.472616,48.6,91.97207679,11.7,
2021,BZ,BZ21,4,24,3,412,Odyssey,237,1.126666667,182,214,32,20.66929134,617.1311296,1218.546943,0.489370473,4944.986917,48.6,97.04775687,11.4,
2021,BZ,BZ21,4,24,4,413,07AB-84,32,1.936666667,183,211,28,23.22834646,609.9551862,1333.00324,0.423126615,5497.370133,49.4,97.24176752,12.6,
2021,BZ,BZ21,4,23,4,414,09N2-91,178,1.241666667,181,215,34,23.81889764,566.899526,1070.004916,0.439943666,4164.167536,49.4,96.83313033,11.4,
2021,BZ,BZ21,4,22,4,415,07AB-51,25,1.451666667,180,214,34,21.06299213,416.2047153,1059.958595,0.435989439,5179.798707,51.1,,12,
2021,BZ,BZ21,4,21,4,416,06WA-39,22,1.815,182,217,35,22.83464567,538.1957526,1136.023595,0.431432001,3954.302605,49.7,97.31308411,13.1,
2021,BZ,BZ21,4,20,4,417,Hockett,234,1.926,180,209,29,24.01574803,516.6679225,1161.856991,0.432338954,5051.41951,51.8,96.11570248,11.3,
2021,BZ,BZ21,4,19,4,418,2MS14_3336-016,220,1.548333333,179,215,36,20.86614173,624.307073,1202.759868,0.559035857,4479.103124,52,98.15745394,12,
2021,BZ,BZ21,4,18,4,419,2MS14_3318-006,215,2.005,182,211,29,21.8503937,767.8259403,1415.167791,0.428477258,4253.578239,48.3,94.89117291,13,
2021,BZ,BZ21,4,17,4,420,2MS14_3342-013,229,2.015,179,212,33,23.03149606,,,,4449.518908,50.4,96.0649594,12.4,
2021,BZ,BZ21,4,16,4,421,06N2-26,8,2.827142857,176,213,37,25.59055118,380.3249985,955.907416,0.445912469,3815.264355,49.3,98.86064855,11.6,
2021,BZ,BZ21,4,15,4,422,08AB-07,68,1.876666667,183,217,34,22.44094488,538.1957526,1178.576939,0.349488553,4913.515972,48.7,96.83908046,12.3,
2021,BZ,BZ21,4,14,4,423,08AB-47,80,1.846666667,185,218,33,21.65354331,409.0287719,917.8749161,0.347900868,4564.695878,47.9,97.12832785,12.2,
2021,BZ,BZ21,4,13,4,424,06N2-64,17,1.365714286,186,211,25,16.53543307,566.899526,996.0926988,0.422159787,3636.522383,47.8,95.48969072,12.5,
2021,BZ,BZ21,5,1,5,501,06N2-54,15,2.455,175,211,36,22.44094488,688.8905633,1418.038169,0.463033247,3690.305261,48.4,98.83148831,11.2,
2021,BZ,BZ21,5,2,5,502,Lavina,235,1.398,179,207,28,25.59055118,609.9551862,1179.079255,0.246485302,4290.218349,46.3,79.45712523,12.6,
2021,BZ,BZ21,5,3,5,503,08WA-34,131,1.664,179,211,32,22.44094488,609.9551862,1394.357556,0.437959961,4699.623754,49.4,94.7021764,12.2,
2021,BZ,BZ21,5,4,5,504,09N2-51,161,1.548333333,181,212,31,22.63779528,495.1400924,1149.657887,0.420073653,5080.304517,49.4,95.17380063,12.6,
2021,BZ,BZ21,5,5,5,505,2MS14_3308-025,196,3.4725,177,207,30,23.42519685,617.1311296,1397.945527,0.444535701,4628.604383,50.7,92.22440945,11.9,
2021,BZ,BZ21,5,6,5,506,2MS14_3305-002,190,1.948333333,180,209,29,21.8503937,552.5476393,1184.820009,0.26588335,3442.621399,48.5,96.33821571,12.9,
2021,BZ,BZ21,5,7,5,507,09N2-58,162,2.504285714,177,209,32,24.80314961,588.4273561,1283.130434,0.434539455,4701.418252,47.2,98.80352645,12.6,
2021,BZ,BZ21,5,8,5,508,07N2-20,45,,,,,,409.0287719,1166.162557,0.281828811,,,,,
2021,BZ,BZ21,5,9,5,509,08N2-54,106,2.014444444,175,210,35,22.04724409,602.7792429,1073.592887,0.421094847,3437.103221,48.4,97.60207388,11.4,
2021,BZ,BZ21,5,10,5,510,09N2-16,152,1.983333333,179,215,36,26.37795276,588.4273561,1210.653406,0.476557406,3877.964073,51,97.61904762,12.2,
2021,BZ,BZ21,5,11,5,511,06N2-49,12,1.726666667,175,212,37,22.63779528,638.6589597,1204.912651,0.563992615,4339.603963,49.1,98.97172237,11.4,
2021,BZ,BZ21,5,12,5,512,08N2-77,113,2.28,177,214,37,23.62204724,588.4273561,1231.463641,0.492395548,4108.221833,49.6,98.62088376,11.2,
2021,BZ,BZ21,5,12,6,513,06WA-58,23,1.74,180,209,29,20.07874016,566.899526,1003.268642,0.272512696,4546.729543,49.4,84.7386983,12.5,
2021,BZ,BZ21,5,11,6,514,Hockett,234,2.0825,180,209,29,22.44094488,681.7146199,1405.839065,0.313409219,4998.522427,51,96.59921304,11.9,
2021,BZ,BZ21,5,10,6,515,2MS14_3316-020,209,2.018,180,211,31,19.29133858,624.307073,1130.28284,0.232366199,3914.520784,49.2,93.42065184,13.1,
2021,BZ,BZ21,5,9,6,516,Merit57,236,0.983333333,180,214,34,22.24409449,703.24245,1326.903688,0.362879239,4348.037672,48.5,93.31133773,12.4,
2021,BZ,BZ21,5,8,6,517,08WA-24,128,1.47,181,214,33,23.42519685,545.3716959,1222.852509,0.25996127,4683.558474,49.3,93.36585366,12.2,
2021,BZ,BZ21,5,7,6,518,08WA-46,132,1.658,181,209,28,22.63779528,545.3716959,1153.245859,0.463567917,4734.671181,47.2,93.62318841,12.5,
2021,BZ,BZ21,5,6,6,519,09N2-18,153,2.19,175,209,34,24.40944882,681.7146199,1144.634727,0.450128519,3932.698504,47,98.08335869,10.5,
2021,BZ,BZ21,5,5,6,520,Odyssey,237,1.457142857,182,213,31,22.83464567,,,,5312.505484,48.7,98.32785906,11.5,
2021,BZ,BZ21,5,4,6,521,08N2-82,116,1.948,176,214,38,21.8503937,717.5943367,1334.079631,0.400731537,3925.559608,49.7,98.97959184,12.7,
2021,BZ,BZ21,5,3,6,522,08N2-27,96,2.002,178,214,36,24.80314961,,,,4726.201882,49,98.82697947,11.7,
2021,BZ,BZ21,5,2,6,523,06N2-14,5,2.25,179,213,34,24.60629921,566.899526,1258.014632,0.40271519,4736.116,50.7,98.86234357,13.4,
2021,BZ,BZ21,5,1,6,524,07AB-59,28,1.786666667,186,215,29,23.81889764,617.1311296,1133.153217,0.394528529,4084.791689,49.4,93.94680526,12.8,
2021,BZ,BZ21,6,13,5,601,09MT-37,145,1.514444444,177,211,34,23.81889764,566.899526,1212.088594,0.456456101,4648.210817,50.2,97.62789368,9.6,
2021,BZ,BZ21,6,14,5,602,2MS14_3316-005,208,1.996666667,181,209,28,21.45669291,588.4273561,1094.403123,0.372434594,4643.341433,49.4,87.88081687,11.4,
2021,BZ,BZ21,6,15,5,603,Lavina,235,1.715,180,204,24,25,581.2514128,713.3605302,0.5975254,4688.191017,47,74.52420701,11.4,
2021,BZ,BZ21,6,16,5,604,08N2-51,103,1.711666667,175,210,35,20.66929134,523.8438658,978.8704348,0.341617183,3597.882502,47.5,97.11346099,11.3,
2021,BZ,BZ21,6,17,5,605,2MS14_3307-008,194,2.231666667,183,209,26,23.03149606,602.7792429,1280.260056,0.42262205,4380.382232,49,93.52887814,12.1,
2021,BZ,BZ21,6,18,5,606,09N2-93,179,1.823333333,174,209,35,24.21259843,581.2514128,1094.403123,0.264900662,4103.19868,49.1,98.18063678,11.5,
2021,BZ,BZ21,6,19,5,607,07N2-14,41,1.63,180,211,31,19.09448819,502.3160357,1136.023595,0.393531678,3685.660075,50.4,97.4738676,12.5,
2021,BZ,BZ21,6,20,5,608,09N2-68,171,2.128888889,177,209,32,24.80314961,480.7882056,1003.268642,0.356912953,3915.556367,48.5,98.91654466,12.2,
2021,BZ,BZ21,6,21,5,609,2MS14_3315-005,206,2.452,179,210,31,25.19685039,,,,4250.132101,49.4,93.79352104,12.3,
2021,BZ,BZ21,6,22,5,610,09AB-29,138,2.134285714,179,210,31,21.25984252,502.3160357,1017.620529,0.257386644,4730.608888,49.4,95.57926829,11.4,
2021,BZ,BZ21,6,23,5,611,08AB-13,71,1.606666667,181,215,34,22.24409449,609.9551862,1232.181236,0.375633335,4644.318211,48.7,87.53902924,10.5,
2021,BZ,BZ21,6,24,5,612,08N2-17,90,2.208571429,178,214,36,24.60629921,416.2047153,1016.902935,0.420577235,5036.208345,49.3,98.54990048,10.9,
2021,BZ,BZ21,6,24,6,613,2MS14_3309-029,197,1.726666667,181,213,32,22.63779528,667.3627332,1208.500623,0.412683332,4824.727203,50.4,93.98724567,12.8,
2021,BZ,BZ21,6,23,6,614,07N2-29,50,1.533333333,178,214,36,19.88188976,523.8438658,1003.268642,0.332594235,3290.883027,49.3,98.36114422,13.2,
2021,BZ,BZ21,6,22,6,615,Hockett,234,1.653333333,179,211,32,21.45669291,,,,4789.130038,50.4,94.75655431,11.9,
2021,BZ,BZ21,6,21,6,616,2MS14_3340-013,223,1.705,181,211,30,23.22834646,595.6032995,1288.871188,0.29731084,4238.866031,48.4,94.33512224,12.6,
2021,BZ,BZ21,6,20,6,617,Odyssey,237,1.258571429,181,212,31,21.45669291,782.1778271,1296.764726,0.365779426,4532.021273,49.4,95.7053385,12,
2021,BZ,BZ21,6,19,6,618,06N2-15,6,1.952,176,210,34,23.03149606,,,,4352.203567,50.1,98.67452135,11.7,
2021,BZ,BZ21,6,18,6,619,08MT-31,85,1.821428571,181,209,28,20.47244094,545.3716959,1090.815151,0.352608381,4739.955353,49.7,94.14073451,12.7,
2021,BZ,BZ21,6,17,6,620,09AB-87,142,1.4825,181,214,33,20.86614173,595.6032995,1036.995576,0.23804581,3427.825268,47.5,83.93234672,12.4,
2021,BZ,BZ21,6,16,6,621,Merit57,236,1.481666667,180,211,31,21.25984252,,,,4857.403344,47.8,88.95851984,11.7,
2021,BZ,BZ21,6,15,6,622,2MS14_3312-020,204,1.345,179,213,34,21.65354331,516.6679225,1179.796849,0.41299191,4627.465627,50.5,95.67995132,10.7,
2021,BZ,BZ21,6,14,6,623,2MS14_3342-010,228,2.011666667,178,212,34,22.04724409,667.3627332,1251.556283,0.29757468,4565.034146,50.6,93.12536106,12.8,
2021,BZ,BZ21,7,1,7,701,07N2-37,52,1.661666667,175,209,34,20.86614173,588.4273561,1049.19468,0.468504206,3664.427474,50,96.99557242,12.7,
2021,BZ,BZ21,7,2,7,702,2MS14_3340-004,222,1.99,180,212,32,24.21259843,581.2514128,861.1849635,0.553287226,4437.259482,49.3,97.01163888,12.1,
2021,BZ,BZ21,7,3,7,703,2MS14_3301-001,184,1.963333333,181,212,31,21.06299213,588.4273561,1223.570104,0.465075362,4114.920754,47.1,96.33991088,11.6,
2021,BZ,BZ21,7,4,7,704,07WA-17,63,1.67,179,208,29,19.88188976,660.1867898,1073.592887,0.456520286,4590.523364,49.3,95.57931234,12,
2021,BZ,BZ21,7,5,7,705,Lavina,235,1.305714286,179,205,26,26.57480315,760.649997,1226.440481,0.452869932,4393.924109,44.8,73.17445768,12.5,
2021,BZ,BZ21,7,6,7,706,2MS14_3324-018,216,1.52,179,209,30,22.24409449,710.4183934,1191.637156,0.417921233,3949.915766,49.3,91.25463535,12.2,
2021,BZ,BZ21,7,7,7,707,Hockett,234,1.594285714,180,209,29,24.21259843,688.8905633,1257.297037,0.426345528,4230.592602,51,96.9762419,11.5,
2021,BZ,BZ21,7,8,7,708,2MS14_3308-020,195,1.6,179,208,29,25.19685039,645.8349031,1057.088217,0.396442876,3846.901842,50,93.87635511,12.2,
2021,BZ,BZ21,7,9,7,709,08WA-53,134,1.89,178,209,31,20.86614173,660.1867898,979.5880291,0.462969746,4355.707111,51.2,94.95849985,11.3,
2021,BZ,BZ21,7,10,7,710,06N2-67,18,1.898333333,177,208,31,21.45669291,523.8438658,1006.13902,0.419370944,4101.558467,48.5,96.14932393,12.5,
2021,BZ,BZ21,7,11,7,711,Odyssey,237,1.598333333,182,212,30,23.03149606,609.9551862,823.870058,0.502569463,4157.138522,48.9,95.41844838,11.1,
2021,BZ,BZ21,7,12,7,712,09MT-34,144,1.923333333,177,212,35,25.59055118,617.1311296,1089.092925,0.44211636,4254.463896,50.5,98.57346648,10.1,
2021,BZ,BZ21,7,12,8,713,09N2-66,169,1.725714286,183,212,29,25.19685039,602.7792429,1447.459537,0.401566606,4341.845852,49,98.2295831,12.8,
2021,BZ,BZ21,7,11,8,714,08N2-22,94,1.642,177,211,34,21.45669291,810.8816005,1338.385197,0.469143746,4133.3376,49.5,98.62714509,11.5,
2021,BZ,BZ21,7,10,8,715,08N2-52,104,2.188,176,213,37,23.42519685,782.1778271,1441.001188,0.377969225,3012.766363,48.9,97.29294231,11.8,
2021,BZ,BZ21,7,9,8,716,08MT-03,82,1.086666667,182,211,29,21.06299213,767.8259403,1495.538357,0.421764791,4078.782678,49.5,98.23633157,12.9,
2021,BZ,BZ21,7,8,8,717,06N2-81,20,2.04,177,212,35,25.39370079,574.0754694,1224.574736,0.47113976,3771.148674,50.5,98.40682788,12,
2021,BZ,BZ21,7,7,8,718,07WA-45,64,1.768333333,180,209,29,23.22834646,753.4740536,1414.450197,0.431738623,4883.621296,49.8,99.80051297,12.5,
2021,BZ,BZ21,7,6,8,719,09WA-39,183,2,178,211,33,23.62204724,875.4650908,1585.237649,0.422343941,4130.646625,49.6,95.08293839,13.3,
2021,BZ,BZ21,7,5,8,720,07AB-85,33,1.79,182,211,29,19.68503937,681.7146199,1320.230061,0.289705403,4819.267128,49.5,96.16036138,12.7,
2021,BZ,BZ21,7,4,8,721,09N2-64,167,1.716666667,182,212,30,24.40944882,473.6122623,1187.690387,0.289408495,4083.016368,49.4,97.70700637,11.5,
2021,BZ,BZ21,7,3,8,722,2MS14_3302-026,188,2.106666667,181,214,33,23.22834646,731.9462235,1558.686659,0.402835965,4206.559544,50,99.03900509,11.5,
2021,BZ,BZ21,7,2,8,723,Merit57,236,1.112857143,182,214,32,23.81889764,523.8438658,1312.551801,0.40347712,3942.781848,48.4,92.30009872,12.5,
2021,BZ,BZ21,8,13,7,801,06N2-23,7,2.17,177,212,35,23.62204724,552.5476393,1167.741264,0.387758864,4490.384039,49.8,99.34930494,11.7,
2021,BZ,BZ21,8,14,7,802,06AB-08,1,2.608333333,179,213,34,22.63779528,653.0108464,1310.901334,0.416028027,4159.677496,49.5,90.30612245,11.6,
2021,BZ,BZ21,8,15,7,803,Hockett,234,1.853333333,180,209,29,22.83464567,538.1957526,1056.370623,0.405543102,4632.626937,51.5,95.50898204,11.3,
2021,BZ,BZ21,8,16,7,804,2MS14_3340-022,224,1.791666667,182,209,27,24.40944882,487.964149,950.8842556,0.396196513,4463.080488,48.4,94.57954878,11.9,
2021,BZ,BZ21,8,17,7,805,07N2-41,53,,,,,,423.3806587,828.8932184,0.341096009,,,,,
2021,BZ,BZ21,8,18,7,806,08WA-15,123,1.976666667,176,210,34,25,588.4273561,1207.065434,0.368586885,3686.703876,49.5,97.60496747,11.7,
2021,BZ,BZ21,8,19,7,807,Lavina,235,1.41,179,206,27,25.19685039,688.8905633,1086.509585,0.424674724,4342.4648,45.9,80.51529791,12,
2021,BZ,BZ21,8,20,7,808,08N2-68,109,1.805,178,215,37,20.86614173,538.1957526,1023.361284,0.410910876,4227.252628,48.8,93.81476684,11.4,
2021,BZ,BZ21,8,21,7,809,08AB-31,77,1.978333333,183,211,28,20.66929134,717.5943367,1381.440858,0.333489169,4687.249215,49.5,93.26542162,12.4,
2021,BZ,BZ21,8,22,7,810,08N2-49,102,1.645,175,210,35,23.22834646,767.8259403,1518.429617,0.465500945,3932.233183,50.1,96.14932393,11.4,
2021,BZ,BZ21,8,23,7,811,08WA-04,121,1.916666667,180,210,30,21.25984252,775.0018837,1273.801707,0.458565715,4496.457118,49.8,92.87462605,12.2,
2021,BZ,BZ21,8,24,7,812,06N2-79,19,1.881666667,179,213,34,25.19685039,531.0198092,1267.343358,0.40314818,4545.996995,48.5,98.7012987,13.5,
2021,BZ,BZ21,8,24,8,813,06N2-47,11,1.933333333,178,211,33,21.45669291,731.9462235,1232.89883,0.420231651,4523.873972,50.5,98.51018547,12.3,
2021,BZ,BZ21,8,23,8,814,09WA-10,181,1.745,180,211,31,21.65354331,,1218.546943,0.383369648,4467.352783,49.2,94.68177855,12.7,
2021,BZ,BZ21,8,22,8,815,Merit57,236,1.97,181,212,31,22.24409449,889.8169776,1734.497271,0.45550453,4652.441909,49.5,90.3610675,11.6,
2021,BZ,BZ21,8,21,8,816,2MS14_3317-006,210,2.18,180,213,33,23.81889764,696.0665066,1292.45916,0.31147632,4975.10183,52.2,97.48757592,11.1,
2021,BZ,BZ21,8,20,8,817,2MS14_3310-009,198,2.045714286,182,215,33,24.01574803,487.964149,1181.949632,0.480237994,4841.029962,49.4,98.24290999,11.2,
2021,BZ,BZ21,8,19,8,818,09WA-30,182,1.535714286,183,212,29,22.63779528,638.6589597,1296.26241,0.427369353,4992.793615,49.1,97.57167934,12,
2021,BZ,BZ21,8,18,8,819,09MT-75,147,1.708333333,181,214,33,25.98425197,667.3627332,1465.399395,0.4887126,4853.893899,50.5,97.18409011,11.1,
2021,BZ,BZ21,8,17,8,820,Odyssey,237,1.45125,181,211,30,23.42519685,789.3537704,1314.417547,0.377245182,4735.01201,50.1,98.27685238,11.8,
2021,BZ,BZ21,8,16,8,821,07N2-64,59,2.173333333,173,211,38,23.22834646,523.8438658,1194.86633,0.387964687,4986.159391,48.5,98.10066477,11,
2021,BZ,BZ21,8,15,8,822,2MS14_3310-012,199,2.21,178,214,36,25.78740157,595.6032995,1348.933834,0.450047877,3674.79546,49.7,99.19053549,12.9,
2021,BZ,BZ21,8,14,8,823,07AB-91,35,1.823333333,181,211,30,22.83464567,961.5764112,1485.922593,0.499830975,4834.605685,51,95.2039058,12.2,
2021,BZ,BZ21,9,1,9,901,Lavina,235,1.50875,179,205,26,23.81889764,818.0575439,1458.223452,0.369568427,4517.14752,46.8,86.29965593,12,
2021,BZ,BZ21,9,2,9,902,07BA-94,38,2.072857143,183,212,29,23.03149606,602.7792429,1451.047508,0.388210276,3746.098143,51.4,98.73138445,12.6,
2021,BZ,BZ21,9,3,9,903,07AB-63,29,1.512857143,182,211,29,24.21259843,566.899526,1209.935811,0.426427851,4652.33914,50.1,96.4347326,11.8,
2021,BZ,BZ21,9,4,9,904,06MT-93,3,1.47,181,209,28,23.42519685,731.9462235,1439.781277,0.424641148,4585.677683,49.4,97.64667956,12.2,
2021,BZ,BZ21,9,5,9,905,Merit57,236,1.71125,181,214,33,21.25984252,653.0108464,1196.660316,0.40237467,4515.012831,47.8,92.13586291,11.5,
2021,BZ,BZ21,9,6,9,906,08MT-60,87,2.388571429,180,208,28,25,566.899526,1172.620906,0.403892051,4442.159017,50.2,96.62680159,13.4,
2021,BZ,BZ21,9,7,9,907,Hockett,234,1.672857143,181,209,28,24.80314961,703.24245,1355.248664,0.437890501,4511.704994,51.2,97.16035635,11.3,
2021,BZ,BZ21,9,8,9,908,09N2-65,168,2.06,181,213,32,23.22834646,566.899526,1220.19741,0.428134557,4310.578751,49.5,95.58732132,11.1,
2021,BZ,BZ21,9,9,9,909,08AB-08,69,1.658571429,183,217,34,20.47244094,674.5386765,1232.970589,0.450471424,4163.635985,49,92.47787611,11.3,
2021,BZ,BZ21,9,10,9,910,09MT-93,151,1.845714286,178,215,37,19.88188976,724.7702801,1297.48232,0.439135004,4687.904041,48.9,98.15207513,9.8,
2021,BZ,BZ21,9,11,9,911,07N2-19,44,1.205714286,177,214,37,24.01574803,444.9084888,913.5693501,0.468934098,3472.694668,50.9,98.36619718,12.9,
2021,BZ,BZ21,9,12,9,912,08WA-21,126,2.014444444,181,209,28,23.22834646,746.2981102,1353.382919,0.467656416,5319.10487,48.6,93.31518451,11.6,
2021,BZ,BZ21,9,12,10,913,09N2-61,164,1.768571429,179,214,35,23.81889764,516.6679225,1220.843245,0.39851878,4566.618638,47.8,94.20509709,12.1,
2021,BZ,BZ21,9,11,10,914,Odyssey,237,1.59,181,214,33,20.86614173,588.4273561,1130.28284,0.406958288,4409.928954,48.6,97.82224838,11.9,
2021,BZ,BZ21,9,10,10,915,08AB-22,74,1.763333333,183,218,35,24.01574803,487.964149,1105.884632,0.407501136,4362.315109,50.6,96.62613982,13,
2021,BZ,BZ21,9,9,10,916,2MS14_3340-025,225,2.491428571,181,212,31,24.80314961,703.24245,1253.493787,0.375543852,4086.599613,49,93.51747463,13.1,
2021,BZ,BZ21,9,8,10,917,09N2-29,155,1.78,178,216,38,24.21259843,538.1957526,1120.667076,0.424537363,4684.780477,49.5,93.99445642,11.3,
2021,BZ,BZ21,9,7,10,918,09N2-86,176,1.82,188,214,26,18.50393701,653.0108464,1189.197335,0.334902245,4750.087685,49.2,84.76223533,11.8,
2021,BZ,BZ21,9,6,10,919,09AB-27,137,2.201666667,183,214,31,24.21259843,645.8349031,1413.660843,0.368020305,3656.525922,48.4,95.89803692,14.7,
2021,BZ,BZ21,9,5,10,920,08N2-34,97,1.625714286,176,213,37,23.62204724,566.899526,1229.813174,0.448710468,4567.456822,50.4,97.93103448,12.8,
2021,BZ,BZ21,9,4,10,921,08N2-70,111,1.975,178,214,36,23.62204724,775.0018837,1327.621282,0.362142587,3482.049891,49.2,98.44025898,11.8,
2021,BZ,BZ21,9,3,10,922,06WA-90,24,2.246666667,179,211,32,22.24409449,775.0018837,1363.500999,0.423661913,5044.44033,50.9,93.89534884,12.4,
2021,BZ,BZ21,9,2,10,923,09AB-25,136,1.685714286,185,218,33,23.42519685,631.4830163,1393.926999,0.447876448,3669.524861,49.5,94.90140845,13.5,
2021,BZ,BZ21,10,13,9,1001,07WA-12,62,1.7025,182,211,29,22.63779528,523.8438658,1046.324302,0.364858377,5356.426022,50.1,94.01891974,11.6,
2021,BZ,BZ21,10,14,9,1002,07N2-17,43,1.918333333,178,215,37,21.8503937,502.3160357,1092.967934,0.327621299,3531.840617,48.9,96.18297486,12.3,
2021,BZ,BZ21,10,15,9,1003,2MS14_3342-018,230,1.765714286,179,211,32,23.03149606,538.1957526,1126.694868,0.337558117,5147.716704,50.3,95.42857143,12.4,
2021,BZ,BZ21,10,16,9,1004,09N2-72,173,1.558333333,179,210,31,23.03149606,538.1957526,1064.981755,0.357792602,4783.63468,50.8,95.31438936,12.1,
2021,BZ,BZ21,10,17,9,1005,06N2-02,4,1.792,175,209,34,21.65354331,487.964149,1053.500246,0.411416116,3805.414135,51.9,98.25037707,13.2,
2021,BZ,BZ21,10,18,9,1006,Merit57,236,1.981666667,180,214,34,21.45669291,538.1957526,1176.208877,0.294673906,4870.152183,47.7,91.37039431,11.4,
2021,BZ,BZ21,10,19,9,1007,2MS14_3342-009,227,1.704285714,179,213,34,24.21259843,760.649997,1540.675041,0.463903121,4820.960859,50.2,96.29286376,12.2,
2021,BZ,BZ21,10,20,9,1008,07AB-92,36,1.765714286,182,209,27,24.80314961,710.4183934,1421.626141,0.381101408,4458.304867,51.1,94.56210647,11.8,
2021,BZ,BZ21,10,21,9,1009,Odyssey,237,1.625714286,182,213,31,21.45669291,631.4830163,1213.523783,0.267281651,4767.429164,49.5,96.83523654,11.4,
2021,BZ,BZ21,10,22,9,1010,07N2-46,56,2.236,176,211,35,22.04724409,617.1311296,1261.459085,0.399908982,4143.232365,50.4,98.73863303,11.6,
2021,BZ,BZ21,10,23,9,1011,09N2-96,180,1.4,179,211,32,23.62204724,566.899526,1091.389227,0.444473667,5308.10464,48.6,93.27678291,10.4,
2021,BZ,BZ21,10,24,9,1012,07N2-16,42,1.92,178,215,37,22.24409449,602.7792429,1210.653406,0.408393101,3820.002338,47.8,97.89377289,12.4,
2021,BZ,BZ21,10,24,10,1013,08WA-58,135,1.177142857,182,213,31,22.83464567,495.1400924,1058.523406,0.404718324,4169.63938,49.7,93.79518072,13.1,
2021,BZ,BZ21,10,23,10,1014,Hockett,234,1.801428571,182,209,27,24.80314961,760.649997,1505.154121,0.401907032,5086.080749,50.8,96.24730022,11.9,
2021,BZ,BZ21,10,22,10,1015,07MT-10,39,,,,,,351.621225,1170.898679,0.470061899,,,,,
2021,BZ,BZ21,10,21,10,1016,06N2-35,10,2.294285714,177,217,40,24.80314961,552.5476393,1341.183815,0.444087747,5310.742662,50.1,99.45370903,12.3,
2021,BZ,BZ21,10,20,10,1017,07N2-36,51,2.221666667,173,212,39,23.62204724,602.7792429,1181.949632,0.321170542,2270.752344,50.5,96.97690217,15.4,
2021,BZ,BZ21,10,19,10,1018,08N2-79,115,1.90125,177,214,37,22.04724409,574.0754694,1178.576939,0.289210911,4790.502021,50.4,98.09494066,11.5,
2021,BZ,BZ21,10,18,10,1019,Lavina,235,2.083333333,179,207,28,22.63779528,904.1688643,1312.551801,0.443934175,4067.319013,46.6,77.47692308,12.8,
2021,BZ,BZ21,10,17,10,1020,07AB-80,30,1.432857143,182,212,30,23.62204724,617.1311296,1339.102792,0.45174428,5092.174482,50.4,97.28215186,12.8,
2021,BZ,BZ21,10,16,10,1021,09MT-92,150,1.54,178,213,35,21.8503937,595.6032995,1491.950386,0.379972103,4230.911655,49.9,99.31350114,12.8,
2021,BZ,BZ21,10,15,10,1022,09MT-62,146,1.716666667,182,214,32,23.22834646,617.1311296,1327.621282,0.35133236,4518.930473,50.1,94.70295581,11.1,
2021,BZ,BZ21,10,14,10,1023,08WA-11,122,2.033333333,182,211,29,22.63779528,904.1688643,1189.84317,0.463783849,4706.461812,,92.84931507,12.2,
2021,BZ,BZ21,11,1,11,1101,08N2-48,101,2.355,176,213,37,22.63779528,717.5943367,1231.463641,0.41431152,3287.29506,49.6,96.84458862,11.5,
2021,BZ,BZ21,11,2,11,1102,2MS14_3317-025,214,1.5,179,209,30,24.60629921,631.4830163,1263.611868,0.431597479,4379.561813,51.6,95.66797093,13.4,
2021,BZ,BZ21,11,3,11,1103,07AB-56,27,2.156666667,181,209,28,19.09448819,746.2981102,1392.635329,0.44416963,4033.788665,49.9,95.99410898,13,
2021,BZ,BZ21,11,4,11,1104,2MS14_3336-002,219,1.101666667,178,208,30,22.04724409,581.2514128,1099.139246,0.365606842,4418.54984,49.8,97.97503467,13.5,
2021,BZ,BZ21,11,5,11,1105,2MS14_3315-015,207,1.495,181,210,29,24.01574803,674.5386765,1373.54732,0.414293924,3995.460129,50,90.91174752,11.4,
2021,BZ,BZ21,11,6,11,1106,08WA-48,133,1.738333333,179,210,31,21.65354331,681.7146199,1213.236745,0.432956763,4512.780812,49.9,96.07843137,12.7,
2021,BZ,BZ21,11,7,11,1107,2MS14_3306-007,191,1.81,178,212,34,24.60629921,609.9551862,1100.143878,0.350922967,4007.992303,49.1,98.92344498,12.1,
2021,BZ,BZ21,11,8,11,1108,08MT-79,89,1.584285714,179,209,30,22.04724409,681.7146199,1191.278358,0.419251852,4462.926959,48.1,94.73515249,11.7,
2021,BZ,BZ21,11,9,11,1109,08N2-64,107,2.331666667,178,218,40,24.80314961,509.4919791,1228.234467,0.413648049,3954.51158,50.1,99.276411,11.5,
2021,BZ,BZ21,11,10,11,1110,09AB-54,140,1.655,183,218,35,23.62204724,581.2514128,1175.491283,0.388254685,3820.205964,48.6,92.81259281,12.3,
2021,BZ,BZ21,11,11,11,1111,08AB-23,75,1.765,183,209,26,20.27559055,731.9462235,1495.538357,0.430881436,5124.394513,50.7,96.27277747,12.4,
2021,BZ,BZ21,11,12,11,1112,2MS14_3346-002,233,2.115,183,212,29,22.04724409,645.8349031,1359.195433,0.480967214,4138.656233,50.1,94.32709716,13.2,
2021,BZ,BZ21,11,12,12,1113,2MS14_3310-017,200,1.701666667,181,212,31,22.63779528,717.5943367,1471.14015,0.444368567,4335.847388,49.1,97.50217833,12.7,
2021,BZ,BZ21,11,11,12,1114,Merit57,236,1.415714286,181,213,32,22.83464567,624.307073,1235.769207,0.318216131,4427.837904,48.6,93.71938923,12,
2021,BZ,BZ21,11,10,12,1115,08AB-02,66,1.898333333,182,214,32,23.03149606,703.24245,1342.690763,0.38426594,4421.145503,48.4,93.65269461,12.6,
2021,BZ,BZ21,11,9,12,1116,Lavina,235,1.136666667,179,205,26,26.18110236,746.2981102,1142.481944,0.452861001,4387.477473,47.5,82.5136612,12.6,
2021,BZ,BZ21,11,8,12,1117,2MS14_3310-019,202,2.193333333,176,211,35,22.63779528,487.964149,1080.051236,0.444488738,4368.465909,49.7,98.81889764,12.9,
2021,BZ,BZ21,11,7,12,1118,08AB-17,73,1.278,185,214,29,24.21259843,688.8905633,1425.214112,0.4445899,3956.049835,47.7,96.75925926,13.9,
2021,BZ,BZ21,11,6,12,1119,07AB-93,37,1.267142857,182,208,26,21.8503937,545.3716959,1178.289901,0.421437272,4497.610637,49.4,93.66715758,13.5,
2021,BZ,BZ21,11,5,12,1120,09N2-83,174,1.663333333,178,212,34,22.63779528,746.2981102,1255.144254,0.393916872,3900.893642,48.8,98.94195024,12.5,
2021,BZ,BZ21,11,4,12,1121,Odyssey,237,1.485,181,209,28,23.03149606,559.7235827,1007.574208,0.384587992,4425.440298,48.5,97.96091759,12.2,
2021,BZ,BZ21,11,3,12,1122,09N2-84,175,1.838,176,208,32,21.45669291,746.2981102,1385.028829,0.409305217,3873.046927,47.8,98.80418535,12,
2021,BZ,BZ21,11,2,12,1123,Hockett,234,1.52,182,210,28,24.21259843,674.5386765,1267.773915,0.46527424,4395.191469,50.9,97.74415406,12.5,
2021,BZ,BZ21,12,13,11,1201,09N2-67,170,2.136666667,183,209,26,24.01574803,552.5476393,1254.42666,0.365539729,4505.115449,49.3,95.94555459,12.5,
2021,BZ,BZ21,12,14,11,1202,09N2-21,154,1.695714286,178,211,33,25.78740157,552.5476393,1103.731849,0.444054353,3948.631624,48.6,97.70354906,10.6,
2021,BZ,BZ21,12,15,11,1203,Merit57,236,1.875,180,211,31,21.45669291,717.5943367,1341.973169,0.370033688,4524.614807,48.8,87.84313725,12.1,
2021,BZ,BZ21,12,16,11,1204,2MS14_3345-013,232,2.128333333,178,209,31,23.81889764,545.3716959,1148.222698,0.436222736,4824.996858,51.1,96.54696133,11.7,
2021,BZ,BZ21,12,17,11,1205,Lavina,235,1.665714286,178,207,29,26.77165354,645.8349031,1075.028076,0.339096189,4247.250416,48.7,81.86180422,12.8,
2021,BZ,BZ21,12,18,11,1206,2MS14_3342-004,226,1.9,180,209,29,24.21259843,459.2603755,1025.514067,0.397452942,4784.367966,50.7,96.36519748,12.7,
2021,BZ,BZ21,12,19,11,1207,2MS14_3301-016,185,2.176666667,178,209,31,21.45669291,674.5386765,1243.662745,0.450637586,4007.463287,48.7,96.41936408,11.5,
2021,BZ,BZ21,12,20,11,1208,09MT-22,143,2.26,177,209,32,20.66929134,703.24245,1232.89883,0.370176358,4973.69065,50.2,96.98622273,9.9,
2021,BZ,BZ21,12,21,11,1209,Odyssey,237,1.573333333,181,212,31,22.44094488,688.8905633,1276.743844,0.415355216,4508.57216,49.6,95.70707071,12.4,
2021,BZ,BZ21,12,22,11,1210,08WA-02,120,2.338333333,179,213,34,20.27559055,552.5476393,1082.204019,0.377295935,4321.306048,50.2,95.37065999,12.8,
2021,BZ,BZ21,12,23,11,1211,08WA-27,129,1.585,178,208,30,20.07874016,710.4183934,1257.297037,0.424062554,4571.238379,50.2,95.65842438,12.5,
2021,BZ,BZ21,12,24,11,1212,08N2-53,105,2.195,174,209,35,23.22834646,631.4830163,1010.444586,0.367161423,3805.492549,49.6,95.76245897,11.6,
2021,BZ,BZ21,12,24,12,1213,08WA-20,125,1.9,180,209,29,21.45669291,832.4094306,1253.780825,0.495077839,5295.569703,49.4,91.78042405,12.6,
2021,BZ,BZ21,12,23,12,1214,2MS14_3312-012,203,1.858333333,176,212,36,21.45669291,667.3627332,1169.032934,0.383647413,4300.592046,51.1,98.42135476,11.9,
2021,BZ,BZ21,12,22,12,1215,07AB-89,34,1.77375,183,212,29,19.68503937,566.899526,1105.884632,0.375705665,4444.171254,50,96.30292188,13.7,
2021,BZ,BZ21,12,21,12,1216,09N2-69,172,2.33,178,214,36,21.45669291,502.3160357,1125.977274,0.373462494,3839.400331,48.7,97.79202279,11.3,
2021,BZ,BZ21,12,20,12,1217,09N2-63,166,1.593333333,177,209,32,24.80314961,423.3806587,997.5278875,0.334508309,4519.202977,49.5,98.23813583,10.8,
2021,BZ,BZ21,12,19,12,1218,08AB-01,65,1.23125,185,217,32,20.86614173,502.3160357,1070.004916,0.361478103,4402.574891,47.4,91.37070737,12.3,
2021,BZ,BZ21,12,18,12,1219,07N2-01,40,2.798333333,175,207,32,25.78740157,595.6032995,1199.88949,0.461096824,3842.292927,49.5,98.89361702,13.4,
2021,BZ,BZ21,12,17,12,1220,08WA-23,127,1.4425,182,209,27,22.63779528,667.3627332,1234.692816,0.463210508,5108.160544,48.5,90.0466563,12.2,
2021,BZ,BZ21,12,16,12,1221,Hockett,234,1.605,179,209,30,22.63779528,502.3160357,1173.3385,0.409149288,4755.282686,51.1,96.81063123,11.9,
2021,BZ,BZ21,12,15,12,1222,07N2-21,46,1.228571429,179,218,39,21.06299213,739.1221668,1206.850156,0.477464621,3416.489818,49.6,98.59550562,11.6,
2021,BZ,BZ21,12,14,12,1223,07AB-81,31,1.661666667,183,211,28,22.04724409,595.6032995,1097.2735,0.475443071,4325.498499,48.4,95.47266515,12.7,
2021,MO,MO21,1,,,101,08N2-90,117,,189,214,25,18,218.8662727,245.42,0.56871345,970.8099792,53.8,90.42,13.1,10.2
2021,MO,MO21,1,,,102,08N2-42,99,,189,214,25,17,333.6813666,435.58,0.569192751,1353.887713,52.8,78.7,12.7,10.3
2021,MO,MO21,1,,,103,Merit57,236,,189,209,20,18,434.1445737,306.77,0.451461988,1029.512792,50,33.97,15.9,9.9
2021,MO,MO21,1,,,104,07N2-23,47,,188,209,21,17,394.6768852,271.97,0.523746702,1558.55433,52.7,81.01,14.6,10.1
2021,MO,MO21,1,,,105,08WA-32,130,,189,208,19,17,409.0287719,382.84,0.60262418,1854.607795,52.6,56.09,13.3,10.2
2021,MO,MO21,1,,,106,2MS14_3317-014,211,,189,216,27,19,437.7325454,512.72,0.607417775,1788.519467,54.3,86.4,11.5,10.3
2021,MO,MO21,1,,,107,07N2-47,57,,178,213,35,17,304.9775931,298.16,0.564380265,1436.809664,55.7,81.41,12.9,10.6
2021,MO,MO21,1,,,108,2MS14_3337-013,221,,192,214,22,19,340.85731,409.03,0.588596491,1193.822024,52.5,77.29,13.8,10.1
2021,MO,MO21,1,,,109,08N2-78,114,,185,209,24,17,348.0332533,374.94,0.555023923,912.1730726,51.9,95.5,13.1,9.8
2021,MO,MO21,1,,,110,2MS14_3301-021,186,,189,209,20,17,337.2693383,362.74,0.579624135,891.9889999,52.4,83.85,11.9,10.4
2021,MO,MO21,1,,,111,Lavina,235,,189,207,18,18,355.2091967,359.51,0.543912176,1149.517,49.9,24.33,14.1,9.8
2021,MO,MO21,1,,,112,08N2-66,108,,189,212,23,18,444.9084888,278.79,0.523809524,604.3037911,52.3,89.7,15.8,10
2021,MO,MO21,1,,,113,2MS14_3304-022,189,,189,208,19,16,301.3896214,198.06,0.369565217,341.1059183,,90.87,17.2,9.8
2021,MO,MO21,1,,,114,07N2-28,49,,189,209,20,16,470.0242906,294.57,0.504263094,791.4015296,50.6,83.29,14.3,9.5
2021,MO,MO21,1,,,115,Odyssey,237,,189,208,19,17,398.2648569,317.18,0.547511312,1281.443483,52.3,82.72,13.7,10.4
2021,MO,MO21,1,,,116,Hockett,234,,189,212,23,17,452.0844321,227.48,0.334384858,403.4208548,40.2,97.73,15.4,10.2
2021,MO,MO21,1,,,117,09N2-62,165,,189,215,26,19,459.2603755,456.03,0.571203777,1207.864727,52.2,89.84,12.1,10
2021,MO,MO21,1,,,118,09N2-90,177,,189,215,26,18,297.8016497,273.04,0.477003942,1014.363809,52.2,84.52,14.1,9.9
2021,MO,MO21,1,,,119,09AB-51,139,,188,207,19,18,265.5099046,320.41,0.549832027,1096.167375,51.9,79.14,14,10
2021,MO,MO21,1,,,120,07N2-56,58,,189,215,26,18,258.3339612,379.61,0.537807183,1079.813252,54,93.91,13.7,9.8
2021,MO,MO21,1,,,121,06N2-56,16,,189,209,20,18,251.1580179,412.98,0.545612511,1385.131229,53.3,83.34,12.5,10.1
2021,MO,MO21,1,,,122,08AB-24,76,,192,215,23,17,319.3294799,251.88,0.462962963,780.6030205,52.1,83.46,15.9,9.9
2021,MO,MO21,1,,,123,09N2-31,156,,192,214,22,17,308.5655648,332.6,0.598705502,1424.36283,53.3,79.52,12.4,10.4
2021,MO,MO21,1,,,124,07N2-43,54,,192,215,23,17,340.85731,328.66,0.531659389,1017.965778,49.1,45.01,16,9.8
2021,MO,MO21,2,,,201,Odyssey,237,,179,207,28,18,261.9219329,334.76,0.534833869,1107.554331,52,76.95,13.4,10.2
2021,MO,MO21,2,,,202,07N2-45,55,,189,214,25,18,290.6257064,357.36,0.532128514,1022.724466,52.9,93.16,12.5,10.1
2021,MO,MO21,2,,,203,Lavina,235,,189,215,26,20,412.6167436,320.76,0.561521253,1050.515983,48.4,19.54,14.2,9.8
2021,MO,MO21,2,,,204,2MS14_3314-015,205,,187,209,22,19,312.1535365,270.53,0.446949602,748.8302383,52.8,79.55,16,9.9
2021,MO,MO21,2,,,205,08N2-69,110,,188,209,21,18,337.2693383,274.84,0.445169713,557.1950008,51.5,96.65,13.8,9.7
2021,MO,MO21,2,,,206,2MS14_3335-007,218,,192,215,23,18,322.9174515,264.43,0.569877883,1005.794674,52,64.81,12.1,10
2021,MO,MO21,2,,,207,2MS14_3328-025,217,,189,215,26,18,304.9775931,402.93,0.560997329,1142.098531,51.3,67.91,13.2,10.1
2021,MO,MO21,2,,,208,09MT-76,148,,189,209,20,18,337.2693383,245.06,0.538799414,852.3128684,54.5,78.49,12.9,10.4
2021,MO,MO21,2,,,209,08N2-71,112,,189,215,26,18,358.7971684,340.5,0.531085353,453.1345492,44.6,88.67,12.7,9.7
2021,MO,MO21,2,,,210,08AB-48,81,,189,215,26,17,412.6167436,247.57,0.456521739,709.8669685,51.4,58.54,16,9.9
2021,MO,MO21,2,,,211,09AB-59,141,,189,209,20,17,297.8016497,299.6,0.483832335,1301.94498,53.5,60.6,15.4,10.4
2021,MO,MO21,2,,,212,08AB-34,78,,193,215,22,17,319.3294799,373.87,0.505758157,1092.854585,50.8,83.46,15.8,9.7
2021,MO,MO21,2,,,213,08N2-36,98,,189,208,19,15,351.621225,344.09,0.56725756,1322.309286,52.1,79.24,13.1,9.9
2021,MO,MO21,2,,,214,07N2-25,48,,189,215,26,14,297.8016497,287.4,0.576779026,1047.977254,53,90.18,15,10
2021,MO,MO21,2,,,215,2MS14_3310-018,201,,189,214,25,14,398.2648569,346.24,0.613471503,1118.681698,51.2,57.84,12.2,10.2
2021,MO,MO21,2,,,216,07AB-55,26,,188,209,21,16,369.5610834,227.84,0.51023622,391.9529283,36.1,68.08,15.5,10.1
2021,MO,MO21,2,,,217,08N2-95,119,,189,208,19,16,272.685848,311.08,0.577854671,1062.666912,50.2,51.63,14.1,9.9
2021,MO,MO21,2,,,218,08MT-73,88,,189,214,25,17,337.2693383,361.31,0.554121152,1349.294462,52,31.33,13.1,10.2
2021,MO,MO21,2,,,219,Hockett,234,,189,208,19,17,365.9731117,254.03,0.394067797,677.0349815,54.1,89.82,14.8,10
2021,MO,MO21,2,,,220,09N2-60,163,,189,209,20,18,376.7370268,376.02,0.495229008,1188.998103,49.9,30,15.2,10.2
2021,MO,MO21,2,,,221,09N2-48,160,,192,215,23,17,261.9219329,381.4,0.606773283,1534.082327,51.7,72.7,13.6,9.9
2021,MO,MO21,2,,,222,08N2-23,95,,189,215,26,16,344.4452816,180.47,0.54473161,1068.04969,50.8,78.33,12.1,10
2021,MO,MO21,2,,,223,Merit57,236,,189,214,25,17,236.8061311,369.92,0.524733269,1018.843405,50.6,59.33,15.6,9.9
2021,MO,MO21,2,,,224,2MS14_3302-011,187,,189,209,20,17,383.9129702,319.69,0.53647587,677.0981975,52.7,83.16,13.8,10
2021,MO,MO21,3,,,301,Hockett,234,,189,214,25,18,380.3249985,218.15,0.383223684,456.0042209,43.7,91.86,16.6,10
2021,MO,MO21,3,,,302,07N2-83,61,,188,209,21,17,261.9219329,335.12,0.543897216,947.3763334,52.7,80.75,14,10
2021,MO,MO21,3,,,303,09N2-37,157,,188,214,26,16,322.9174515,263,0.572987722,739.4029791,52.4,78.82,13.5,10.3
2021,MO,MO21,3,,,304,2MS14_3306-017,193,,189,214,25,18,315.7415082,271.61,0.565389696,1109.105814,51.5,82.36,13.7,9.7
2021,MO,MO21,3,,,305,09MT-88,149,,189,213,24,19,355.2091967,395.04,0.549500454,1561.855687,53.2,76.1,12.8,10.4
2021,MO,MO21,3,,,306,08AB-05,67,,189,213,24,18,304.9775931,362.39,0.496039604,926.3650722,52.9,49.05,15.1,10.3
2021,MO,MO21,3,,,307,Merit57,236,,192,215,23,17,387.5009418,323.99,0.520487265,1286.453017,50,51.45,13.9,9.7
2021,MO,MO21,3,,,308,2MS14_3306-013,192,,189,213,24,17,355.2091967,440.6,0.529315961,1475.09437,52.4,87.77,14,10.1
2021,MO,MO21,3,,,309,07N2-68,60,,189,213,24,17,326.5054232,379.25,0.552507096,773.6835548,52.2,88.1,12.9,10
2021,MO,MO21,3,,,310,Odyssey,237,,189,209,20,17,337.2693383,392.88,0.562557078,1263.574193,51.4,77.75,13.2,10
2021,MO,MO21,3,,,311,08AB-46,79,,189,209,20,15,294.2136781,211.33,0.477079796,757.859371,49.9,29.09,16.5,9.9
2021,MO,MO21,3,,,312,2MS14_3317-018,213,,189,209,20,16,333.6813666,315.38,0.526734926,754.89158,52.6,33.45,14.8,10.2
2021,MO,MO21,3,,,313,08WA-16,124,,189,214,25,14,297.8016497,384.99,0.540540541,1497.758663,51.8,69.6,13.9,10
2021,MO,MO21,3,,,314,06N2-53,14,,189,213,24,15,358.7971684,382.12,0.56713615,834.9156814,52.4,95.2,11.4,9.8
2021,MO,MO21,3,,,315,Lavina,235,,189,212,23,17,394.6768852,362.03,0.556987116,1483.208215,49.4,30.96,13.4,9.9
2021,MO,MO21,3,,,316,08N2-47,100,,188,215,27,15,308.5655648,472.54,0.557327259,1291.86135,52.3,88.49,11.9,10.1
2021,MO,MO21,3,,,317,08MT-11,83,,189,213,24,15,330.0933949,356.64,0.583501006,1192.090309,52.3,79.56,14.2,9.9
2021,MO,MO21,3,,,318,08N2-18,91,,189,209,20,17,290.6257064,328.66,0.529475983,1121.243292,52,89.1,13.8,10.1
2021,MO,MO21,3,,,319,2MS14_3317-016,212,,189,215,26,17,190.1624992,440.24,0.362673187,1214.388083,53.6,62.78,11.7,10.4
2021,MO,MO21,3,,,320,08AB-14,72,,191,215,24,15,358.7971684,327.58,0.428258488,727.0919928,51.3,55.69,16.5,9.6
2021,MO,MO21,3,,,321,06N2-51,13,,189,214,25,15,315.7415082,293.5,0.54400978,982.963598,50.1,37.32,15.2,9.6
2021,MO,MO21,3,,,322,08N2-21,93,,189,214,25,17,326.5054232,219.23,0.492635025,882.0398722,51.7,80.98,13.8,10.1
2021,MO,MO21,3,,,323,08MT-36,86,,189,214,25,14,290.6257064,137.42,0.396866841,677.771381,51.2,82.55,17.1,9.6
2021,MO,MO21,3,,,324,06AB-32,2,,189,214,25,15,365.9731117,380.68,0.51460886,613.5847119,43.1,54.18,17.6,10.2
2021,MO,MO21,4,,,401,06WA-38,21,,189,209,20,17,330.0933949,224.25,0.4768,722.1503819,53.5,53.52,16.3,10
2021,MO,MO21,4,,,402,06N2-31,9,,191,215,24,16,326.5054232,298.52,0.597355769,1399.516911,54.1,92.03,11.3,10.4
2021,MO,MO21,4,,,403,08N2-20,92,,189,214,25,15,319.3294799,348.39,0.578784758,1421.279367,53.3,94.31,11.3,10.1
2021,MO,MO21,4,,,404,08N2-93,118,,189,209,20,17,398.2648569,340.14,0.597046414,1313.036704,53,93.93,12.5,10
2021,MO,MO21,4,,,405,2MS14_3342-022,231,,189,214,25,17,294.2136781,276.27,0.505194805,799.7870693,51.9,71.35,14,10
2021,MO,MO21,4,,,406,Lavina,235,,189,215,26,15,272.685848,213.84,0.533557047,885.1374578,48.2,31.58,13.3,9.8
2021,MO,MO21,4,,,407,09N2-38,158,,189,214,25,15,297.8016497,221.74,0.595469256,362.1401121,,78.87,12.5,10.6
2021,MO,MO21,4,,,408,08MT-28,84,,189,209,20,15,308.5655648,212.77,0.443507589,439.5475405,43.1,89.99,15.4,10.1
2021,MO,MO21,4,,,409,08AB-09,70,,188,209,21,15,326.5054232,313.23,0.557846506,1082.668734,52,47.13,13.4,9.9
2021,MO,MO21,4,,,410,09N2-39,159,,189,208,19,14,391.0889135,274.12,0.598167539,1251.166365,52.2,61.63,12.4,10.3
2021,MO,MO21,4,,,411,Merit57,236,,179,214,35,16,218.8662727,224.61,0.440894569,908.5213378,51.2,69.54,15.2,9.7
2021,MO,MO21,4,,,412,Odyssey,237,,189,209,20,16,412.6167436,458.54,0.533646322,1294.381922,50.9,71.63,15.1,10
2021,MO,MO21,4,,,413,07AB-84,32,,189,209,20,17,269.0978763,342.29,0.50524109,1400.576116,50.4,67.61,15.4,10.1
2021,MO,MO21,4,,,414,09N2-91,178,,189,215,26,15,272.685848,354.13,0.510638298,985.6913026,50.8,69.76,14,10
2021,MO,MO21,4,,,415,07AB-51,25,,189,215,26,16,283.449763,338.7,0.545550847,1305.085607,52.8,69.14,13.6,10.2
2021,MO,MO21,4,,,416,06WA-39,22,,178,215,37,16,236.8061311,356.64,0.460764588,703.4949268,51.8,89.74,16,9.7
2021,MO,MO21,4,,,417,Hockett,234,,189,215,26,17,229.6301878,242.19,0.355555556,661.1932451,54.6,96.01,15,10.3
2021,MO,MO21,4,,,418,2MS14_3336-016,220,,189,214,25,16,351.621225,337.99,0.593418259,1212.427041,52.9,83.72,12.5,10.4
2021,MO,MO21,4,,,419,2MS14_3318-006,215,,189,214,25,15,272.685848,260.85,,1127.759924,49.3,69.92,13.8,9.9
2021,MO,MO21,4,,,420,2MS14_3342-013,229,,189,215,26,17,226.0422161,269.46,0.459387483,732.698717,51.8,82.43,14,9.9
2021,MO,MO21,4,,,421,06N2-26,8,,192,215,23,17,243.9820745,334.04,0.541353383,1288.225756,53.3,93.45,12.4,9.8
2021,MO,MO21,4,,,422,08AB-07,68,,189,215,26,14,254.7459895,298.52,0.518028846,702.4061315,52.4,84.29,13.9,10.1
2021,MO,MO21,4,,,423,08AB-47,80,,193,215,22,15,269.0978763,288.47,0.521144279,939.0546823,50.9,89.28,12.5,10
2021,MO,MO21,4,,,424,06N2-64,17,,189,213,24,12,322.9174515,412.98,0.609035621,951.3549084,52,86.16,12.7,9.7
2021,MO,MO21,5,,,501,06N2-54,15,,187,212,25,17,287.0377347,380.68,0.540999057,1102.624153,51.9,89.57,12.6,10
2021,MO,MO21,5,,,502,Lavina,235,,189,209,20,17,416.2047153,339.06,0.566137566,1299.482245,49,22.15,14.5,9.9
2021,MO,MO21,5,,,503,08WA-34,131,,189,215,26,17,322.9174515,287.76,0.438902743,855.2349287,51.5,86.72,17.5,9.5
2021,MO,MO21,5,,,504,09N2-51,161,,189,215,26,15,218.8662727,251.16,0.53,983.2238597,53.8,72.38,15,10.1
2021,MO,MO21,5,,,505,2MS14_3308-025,196,,189,209,20,16,315.7415082,374.94,0.51291866,1213.356451,52.6,29.41,14.5,9.9
2021,MO,MO21,5,,,506,2MS14_3305-002,190,,189,213,24,16,365.9731117,359.16,0.543456543,862.192055,51.6,86.7,14.8,10.1
2021,MO,MO21,5,,,507,09N2-58,162,,189,209,20,16,208.1023577,260.85,0.540577717,1110.54297,50.2,83.78,14.4,9.8
2021,MO,MO21,5,,,508,07N2-20,45,,,,,,,,,,,,,
2021,MO,MO21,5,,,509,08N2-54,106,,188,209,21,16,416.2047153,329.02,0.538713195,1132.275163,50.4,79.35,13.8,9.9
2021,MO,MO21,5,,,510,09N2-16,152,,189,215,26,16,279.8617913,375.66,0.501432665,1235.521741,54.4,80.15,12.1,10.5
2021,MO,MO21,5,,,511,06N2-49,12,,188,213,25,15,380.3249985,339.78,0.563885956,1341.167839,50.6,85.51,12.4,10
2021,MO,MO21,5,,,512,08N2-77,113,,188,214,26,16,383.9129702,411.9,0.547038328,1193.635066,51.9,93.75,12.3,9.8
2021,MO,MO21,5,,,513,06WA-58,23,,188,214,26,16,340.85731,232.5,0.544753086,856.7837216,53.4,55.7,14.7,10.2
2021,MO,MO21,5,,,514,Hockett,234,,189,214,25,16,416.2047153,190.16,0.309433962,318.941368,,96.51,15.8,10.5
2021,MO,MO21,5,,,515,2MS14_3316-020,209,,189,209,20,15,487.964149,334.04,0.556390977,807.5485188,51.9,22.83,13.9,10.1
2021,MO,MO21,5,,,516,Merit57,236,,185,213,28,17,391.0889135,267.66,0.471849866,742.9686324,52.5,70.72,14.5,9.9
2021,MO,MO21,5,,,517,08WA-24,128,,189,209,20,15,272.685848,256.9,0.453910615,580.4301214,48.8,82.06,16.6,9.9
2021,MO,MO21,5,,,518,08WA-46,132,,188,213,25,15,283.449763,215.28,0.505,986.0591661,50.6,85.5,14.9,9.8
2021,MO,MO21,5,,,519,09N2-18,153,,188,212,24,16,283.449763,343.73,0.60125261,1064.705292,50.4,91.78,11.3,9.9
2021,MO,MO21,5,,,520,Odyssey,237,,189,214,25,17,243.9820745,290.63,0.560493827,1261.493444,52.1,81.12,13.5,10.2
2021,MO,MO21,5,,,521,08N2-82,116,,189,212,23,17,330.0933949,302.11,0.581947743,1126.082009,53.1,92.67,13.4,10.2
2021,MO,MO21,5,,,522,08N2-27,96,,189,213,24,18,337.2693383,419.43,0.521813516,1247.347847,53.4,92.59,12.6,10.1
2021,MO,MO21,5,,,523,06N2-14,5,,189,214,25,17,322.9174515,393.24,0.592153285,,52.9,84.55,13.6,
2021,MO,MO21,5,,,524,07AB-59,28,,189,215,26,16,272.685848,347.67,0.619195046,815.2682725,53.1,87.88,14.6,10.3
2021,MO,MO21,6,,,601,09MT-37,145,,189,215,26,16,304.9775931,420.51,0.534982935,1441.824578,53.8,93.37,10.3,10.2
2021,MO,MO21,6,,,602,2MS14_3316-005,208,,189,214,25,15,426.9686304,528.15,0.579483696,1468.245518,53.2,71.71,13,10.6
2021,MO,MO21,6,,,603,Lavina,235,,189,213,24,19,304.9775931,317.89,0.501128668,1622.584775,50.1,35.25,12.7,10.1
2021,MO,MO21,6,,,604,08N2-51,103,,187,214,27,18,287.0377347,409.03,0.564912281,1416.945034,50.7,85.13,13.8,10.2
2021,MO,MO21,6,,,605,2MS14_3307-008,194,,189,212,23,16,287.0377347,306.77,0.536842105,1095.444425,52.2,69.02,14.8,9.5
2021,MO,MO21,6,,,606,09N2-93,179,,188,212,24,16,283.449763,270.17,0.572377158,1241.953637,52.7,87.59,13.1,9.9
2021,MO,MO21,6,,,607,07N2-14,41,,189,213,24,14,301.3896214,341.57,0.598739496,1040.769281,53.4,80.9,13.2,9.8
2021,MO,MO21,6,,,608,09N2-68,171,,192,214,22,17,269.0978763,246.49,0.502183406,913.2773356,52,92.3,13,10.3
2021,MO,MO21,6,,,609,2MS14_3315-005,206,,189,214,25,16,287.0377347,333.32,0.532831001,1025.690912,51,57.9,15.6,10.1
2021,MO,MO21,6,,,610,09AB-29,138,,189,208,19,14,387.5009418,312.51,0.52238806,806.8739902,51,81.92,14.4,10.1
2021,MO,MO21,6,,,611,08AB-13,71,,189,215,26,16,193.7504709,322.2,0.528953229,1170.386361,51.3,57.57,14.7,9.8
2021,MO,MO21,6,,,612,08N2-17,90,,189,213,24,17,236.8061311,258.33,0.469444444,1032.388449,51.9,91.5,13.7,10.2
2021,MO,MO21,6,,,613,2MS14_3309-029,197,,189,209,20,15,376.7370268,259.05,0.542936288,1376.860016,51.5,55.13,14.4,10.4
2021,MO,MO21,6,,,614,07N2-29,50,,189,214,25,13,272.685848,319.69,0.593714927,1082.047334,53.8,95.52,13.5,10.1
2021,MO,MO21,6,,,615,Hockett,234,,189,214,25,17,226.0422161,404.72,0.541666667,1486.295713,54.7,89.38,12.7,10.1
2021,MO,MO21,6,,,616,2MS14_3340-013,223,,189,213,24,18,373.1490551,474.69,0.557067271,1462.870138,52.6,82.93,13.6,10.3
2021,MO,MO21,6,,,617,Odyssey,237,,192,213,21,15,301.3896214,338.7,0.577330508,1272.774816,53.7,82.04,11.7,10.3
2021,MO,MO21,6,,,618,06N2-15,6,,192,212,20,15,312.1535365,445.27,0.553585818,1013.264254,52.5,93.02,11.4,10.4
2021,MO,MO21,6,,,619,08MT-31,85,,188,212,24,15,312.1535365,282.37,0.463786531,982.9757032,53.8,82.09,15.5,10
2021,MO,MO21,6,,,620,09AB-87,142,,189,212,23,16,373.1490551,358.08,0.512024048,874.1728385,52.5,72.79,15.2,10.1
2021,MO,MO21,6,,,621,Merit57,236,,193,214,21,16,319.3294799,242.55,0.483727811,1274.521999,51.5,60.76,14,10
2021,MO,MO21,6,,,622,2MS14_3312-020,204,,189,213,24,15,333.6813666,332.96,0.592672414,957.8627974,52.2,80.09,11.9,9.9
2021,MO,MO21,6,,,623,2MS14_3342-010,228,,189,215,26,17,251.1580179,352.34,0.547861507,1133.197848,54.3,68.8,13.8,10.3
2021,MO,MO21,7,,,701,07N2-37,52,,187,209,22,17,348.0332533,351.98,0.489296636,1063.122202,53.3,46.81,16.2,10.4
2021,MO,MO21,7,,,702,2MS14_3340-004,222,,189,215,26,17,229.6301878,334.76,0.538049303,1199.547111,54.6,91.03,14.7,10.2
2021,MO,MO21,7,,,703,2MS14_3301-001,184,,189,215,26,15,283.449763,240.39,0.552238806,909.7654832,52.4,90.16,13.9,10.2
2021,MO,MO21,7,,,704,07WA-17,63,,189,209,20,14,380.3249985,296.37,0.543583535,1094.906416,53.2,69.09,13.9,9.9
2021,MO,MO21,7,,,705,Lavina,235,,189,209,20,18,405.4408003,335.48,0.559358289,1424.606279,50,29.23,13.6,10.2
2021,MO,MO21,7,,,706,2MS14_3324-018,216,,189,212,23,16,272.685848,310.72,0.579676674,1119.690464,53.2,59.93,13.8,9.9
2021,MO,MO21,7,,,707,Hockett,234,,189,215,26,18,308.5655648,326.15,0.488448845,615.5240991,55.4,94.8,16.3,10.5
2021,MO,MO21,7,,,708,2MS14_3308-020,195,,189,213,24,18,283.449763,444.19,0.557350565,1297.266321,54,80.7,14.3,10.2
2021,MO,MO21,7,,,709,08WA-53,134,,189,212,23,16,380.3249985,339.42,0.596194503,1317.97697,52.8,69.8,13.1,10.2
2021,MO,MO21,7,,,710,06N2-67,18,,189,213,24,16,261.9219329,276.63,0.569390402,846.0860891,53.3,81.54,12.5,10.1
2021,MO,MO21,7,,,711,Odyssey,237,,189,212,23,17,337.2693383,365.61,0.58390579,1021.354561,52.2,86.64,12.8,10.1
2021,MO,MO21,7,,,712,09MT-34,144,,188,215,27,15,340.85731,310.72,0.48960739,642.6491578,53.7,94.42,11.2,10.1
2021,MO,MO21,7,,,713,09N2-66,169,,189,213,24,20,308.5655648,348.03,0.520618557,977.2889501,51.7,91.49,14.9,10.3
2021,MO,MO21,7,,,714,08N2-22,94,,192,215,23,17,254.7459895,324.71,0.518232044,1008.200918,53.7,92.26,12.2,10
2021,MO,MO21,7,,,715,08N2-52,104,,189,213,24,17,226.0422161,392.88,0.525114155,1171.780476,52.7,92.84,11.9,10.1
2021,MO,MO21,7,,,716,08MT-03,82,,189,213,24,17,218.8662727,428.4,0.561139028,1510.009124,54.3,92.66,13.6,10.1
2021,MO,MO21,7,,,717,06N2-81,20,,178,208,30,19,175.8106125,322.56,0.567296997,1597.229093,54.5,95.48,12.3,10.1
2021,MO,MO21,7,,,718,07WA-45,64,,188,214,26,17,308.5655648,393.96,0.591985428,1417.589972,52.9,79.02,13.6,10.4
2021,MO,MO21,7,,,719,09WA-39,183,,189,208,19,18,452.0844321,360.59,0.542288557,1571.443676,54.3,81.5,13.3,10.3
2021,MO,MO21,7,,,720,07AB-85,33,,188,215,27,17,394.6768852,451.01,0.584725537,1543.624586,52.5,90.25,12.8,10.3
2021,MO,MO21,7,,,721,09N2-64,167,,189,212,23,20,276.2738196,293.14,0.550795594,1548.560817,53.6,89.12,11.7,10.2
2021,MO,MO21,7,,,722,2MS14_3302-026,188,,188,214,26,17,283.449763,299.95,0.523923445,1038.609848,53.8,95.4,11.6,10.5
2021,MO,MO21,7,,,723,Merit57,236,,189,209,20,15,405.4408003,256.54,0.506293706,1240.49496,52.2,65.93,13.8,10.4
2021,MO,MO21,8,,,801,06N2-23,7,,189,212,23,20,358.7971684,359.51,0.51996008,1267.124378,52.7,84.54,12.8,10.2
2021,MO,MO21,8,,,802,06AB-08,1,,189,215,26,17,322.9174515,298.88,0.486194478,681.0175916,51.6,61.98,15.3,10.3
2021,MO,MO21,8,,,803,Hockett,234,,192,215,23,15,226.0422161,205.23,0.374125874,608.8932079,54.5,95.96,15.7,10
2021,MO,MO21,8,,,804,2MS14_3340-022,224,,189,215,26,18,272.685848,263.72,0.495238095,1070.363128,53.6,90.14,14.9,10.1
2021,MO,MO21,8,,,805,07N2-41,53,,,,,,,,,,,,,
2021,MO,MO21,8,,,806,08WA-15,123,,189,214,25,7,348.0332533,205.23,0.578671329,1321.975048,52.8,88.6,12,9.3
2021,MO,MO21,8,,,807,Lavina,235,,189,213,24,19,333.6813666,384.27,0.571428571,1498.034393,47.9,26.2,13.1,10
2021,MO,MO21,8,,,808,08N2-68,109,,187,215,28,15,330.0933949,348.39,0.559217302,1069.778715,52.6,73.82,13.7,9.8
2021,MO,MO21,8,,,809,08AB-31,77,,189,213,24,16,351.621225,323.28,0.576026637,1236.934687,51.5,82.73,13.4,10.2
2021,MO,MO21,8,,,810,08N2-49,102,,187,214,27,16,319.3294799,360.59,0.558208955,1935.849814,54.3,87.34,11.5,10.1
2021,MO,MO21,8,,,811,08WA-04,121,,189,215,26,16,265.5099046,460.7,0.545950156,1606.558838,54.5,65.92,13.1,10.4
2021,MO,MO21,8,,,812,06N2-79,19,,189,215,26,18,308.5655648,386.07,0.554832714,1411.591846,53.2,94.35,14.9,10.4
2021,MO,MO21,8,,,813,06N2-47,11,,189,213,24,14,358.7971684,376.74,0.556190476,1231.731469,54.5,84.69,12.8,10.4
2021,MO,MO21,8,,,814,09WA-10,181,,192,213,21,15,258.3339612,238.6,0.479699248,859.6049052,52.6,90.18,15.1,10.5
2021,MO,MO21,8,,,815,Merit57,236,,189,213,24,16,304.9775931,356.64,0.541247485,1126.121687,50.6,67.28,13.6,9.5
2021,MO,MO21,8,,,816,2MS14_3317-006,210,,188,213,25,19,272.685848,317.54,0.576271186,1294.43505,55.3,76.88,11.9,9.7
2021,MO,MO21,8,,,817,2MS14_3310-009,198,,189,213,24,15,369.5610834,336.91,0.569755059,1149.573491,53.3,89.76,12.2,10.4
2021,MO,MO21,8,,,818,09WA-30,182,,189,214,25,17,283.449763,356.64,0.528169014,1171.185304,53.5,92.65,16,10.3
2021,MO,MO21,8,,,819,09MT-75,147,,189,212,23,17,340.85731,309.28,0.55800464,1225.873899,53.7,78.48,12.6,10.2
2021,MO,MO21,8,,,820,Odyssey,237,,191,215,24,18,254.7459895,319.33,0.550561798,1080.837486,51.8,78.92,13.7,10.2
2021,MO,MO21,8,,,821,07N2-64,59,,189,214,25,19,301.3896214,315.74,0.451136364,867.2278174,51.7,70.7,15.2,10.1
2021,MO,MO21,8,,,822,2MS14_3310-012,199,,189,214,25,17,337.2693383,219.94,0.460032626,835.7085719,52.4,80.27,16,10
2021,MO,MO21,8,,,823,07AB-91,35,,189,215,26,7,304.9775931,164.69,0.350762527,577.8523195,52.9,87.74,15.8,9.9
2021,MO,MO21,9,,,901,Lavina,235,,189,209,20,18,423.3806587,283.81,0.557522124,1113.758245,49.1,15.96,15.5,10.1
2021,MO,MO21,9,,,902,07BA-94,38,,189,213,24,16,294.2136781,300.31,0.520908005,723.254645,53.9,88.69,15.3,9.7
2021,MO,MO21,9,,,903,07AB-63,29,,189,212,23,17,269.0978763,300.31,0.522102748,925.4127966,53.2,81.45,15.9,10
2021,MO,MO21,9,,,904,06MT-93,3,,189,213,24,17,294.2136781,241.11,0.361607143,596.763665,52.1,90.63,16.9,10.2
2021,MO,MO21,9,,,905,Merit57,236,,189,214,25,17,362.3851401,383.55,0.507015903,914.9747534,52.3,55.09,15,9.5
2021,MO,MO21,9,,,906,08MT-60,87,,192,213,21,19,333.6813666,266.23,0.502695418,1405.219132,53.8,73.91,15.2,10
2021,MO,MO21,9,,,907,Hockett,234,,189,214,25,17,383.9129702,382.84,0.58950328,1449.663367,55.4,89.5,14.6,10.1
2021,MO,MO21,9,,,908,09N2-65,168,,189,215,26,18,319.3294799,451.01,0.583929992,1688.60787,55,86.86,12.7,10.5
2021,MO,MO21,9,,,909,08AB-08,69,,193,215,22,16,340.85731,407.59,0.579225352,1253.078314,52.8,68.15,13.6,10.4
2021,MO,MO21,9,,,910,09MT-93,151,,189,215,26,16,276.2738196,407.95,0.54705365,870.8526517,52.7,90.61,10,10.6
2021,MO,MO21,9,,,911,07N2-19,44,,185,214,29,15,276.2738196,292.78,0.56004902,990.3934995,53.3,82.54,13.9,10.3
2021,MO,MO21,9,,,912,08WA-21,126,,189,213,24,17,319.3294799,315.02,0.497722096,986.6476132,52.9,87.06,14.6,10.1
2021,MO,MO21,9,,,913,09N2-61,164,,189,212,23,10.8,319.3294799,381.4,0.519285042,843.3106362,50.9,68.83,13.5,9.9
2021,MO,MO21,9,,,914,Odyssey,237,,188,213,25,10.6,283.449763,388.58,0.560480148,1134.992107,51.8,83.39,12.3,10.1
2021,MO,MO21,9,,,915,08AB-22,74,,189,209,20,10.9,304.9775931,358.8,0.494,886.6553152,54,86.6,14.5,10.4
2021,MO,MO21,9,,,916,2MS14_3340-025,225,,189,212,23,10.7,294.2136781,429.48,0.49122807,918.4879508,51.6,77.28,15.6,10.4
2021,MO,MO21,9,,,917,09N2-29,155,,187,209,22,11,258.3339612,415.49,0.535405872,1077.231482,52.4,66.74,13.1,9.9
2021,MO,MO21,9,,,918,09N2-86,176,,189,213,24,11.9,283.449763,263.36,0.465940054,470.7115657,46.1,55.39,17.7,10.5
2021,MO,MO21,9,,,919,09AB-27,137,,189,212,23,10.7,330.0933949,318.97,0.494938133,454.8828761,39.1,67.54,18.8,10.6
2021,MO,MO21,9,,,920,08N2-34,97,,192,212,20,10.6,269.0978763,292.06,0.555282555,964.8226137,51.9,66.07,14.3,9.9
2021,MO,MO21,9,,,921,08N2-70,111,,189,212,23,10.3,380.3249985,294.21,0.454878049,723.6594966,51.1,93.89,13.9,10.1
2021,MO,MO21,9,,,922,06WA-90,24,,189,213,24,10.6,315.7415082,294.21,0.507317073,976.3575224,52.8,25.69,15.5,9.6
2021,MO,MO21,9,,,923,09AB-25,136,,189,213,24,10.6,355.2091967,283.45,0.484810127,784.8956582,53,77.65,16.8,10.3
2021,MO,MO21,10,,,1001,07WA-12,62,,189,212,23,17,387.5009418,305.7,0.548122066,1253.496615,53.1,70.54,14.3,10
2021,MO,MO21,10,,,1002,07N2-17,43,,189,214,25,15,258.3339612,314.31,0.53652968,943.6660902,52.9,49.8,13.6,10.3
2021,MO,MO21,10,,,1003,2MS14_3342-018,230,,189,209,20,18,326.5054232,224.61,0.522364217,1116.911649,50.9,50.37,14.7,10
2021,MO,MO21,10,,,1004,09N2-72,173,,189,213,24,17,272.685848,292.78,0.486519608,1083.998961,52.2,52.01,15.2,10.1
2021,MO,MO21,10,,,1005,06N2-02,4,,189,212,23,6,247.5700462,356.29,0.547834844,851.3922009,52.6,76.05,13.1,10.1
2021,MO,MO21,10,,,1006,Merit57,236,,192,214,22,15,333.6813666,284.88,0.440806045,894.4786356,51,52.11,15.5,10
2021,MO,MO21,10,,,1007,2MS14_3342-009,227,,193,215,22,19,290.6257064,324.71,0.490607735,968.7877386,53.1,82.35,14.8,9.8
2021,MO,MO21,10,,,1008,07AB-92,36,,189,215,26,19,279.8617913,241.47,0.372956909,600.4020168,50.7,90.23,15.3,9.9
2021,MO,MO21,10,,,1009,Odyssey,237,,189,212,23,16,348.0332533,346.96,0.550155119,1170.838961,52.4,81.82,12.6,9.5
2021,MO,MO21,10,,,1010,07N2-46,56,,189,213,24,16,258.3339612,375.3,0.543977055,1232.601699,54.6,91.3,12,10.1
2021,MO,MO21,10,,,1011,09N2-96,180,,189,209,20,16,265.5099046,416.92,0.584337349,1184.446549,51.6,73.61,12.9,10.5
2021,MO,MO21,10,,,1012,07N2-16,42,,189,213,24,15,251.1580179,428.05,0.555741827,1425.545105,53.6,77.08,13.7,10
2021,MO,MO21,10,,,1013,08WA-58,135,,189,209,20,17,391.0889135,252.59,0.350852273,470.1229841,47.2,78.32,17,10.1
2021,MO,MO21,10,,,1014,Hockett,234,,189,209,20,18,287.0377347,137.42,0.120104439,266.4179227,,62.3,16.4,9.7
2021,MO,MO21,10,,,1015,07MT-10,39,,,,,,,,,,,,,
2021,MO,MO21,10,,,1016,06N2-35,10,,189,215,26,16,340.85731,259.77,0.388121547,468.2773449,43.3,96.46,13,10
2021,MO,MO21,10,,,1017,07N2-36,51,,189,215,26,16,251.1580179,227.48,0.492113565,613.1424687,48.6,76.43,15.7,10
2021,MO,MO21,10,,,1018,08N2-79,115,,189,212,23,16,387.5009418,395.04,0.55404178,1562.272643,52.5,77.03,12.9,9.6
2021,MO,MO21,10,,,1019,Lavina,235,,189,212,23,19,376.7370268,413.69,0.488291414,1594.352091,48,25.27,13.3,10.3
2021,MO,MO21,10,,,1020,07AB-80,30,,179,212,33,18,168.6346691,433.79,0.543424318,1382.1668,51.9,82.07,14.9,9.7
2021,MO,MO21,10,,,1021,09MT-92,150,,189,215,26,18,121.9910372,464.64,0.526640927,1831.611954,55.4,96.1,12.7,10.1
2021,MO,MO21,10,,,1022,09MT-62,146,,189,214,25,19,39.46768852,302.82,0.537914692,1383.926089,55.4,79.39,11.2,10.5
2021,MO,MO21,10,,,1023,08WA-11,122,,189,215,26,14,143.5188673,350.19,0.55942623,860.4058658,50.2,,13.2,10.4
2021,MO,MO21,11,,,1101,08N2-48,101,,187,215,28,17,269.0978763,360.23,0.497011952,465.8563726,46.9,89.04,13.7,10.1
2021,MO,MO21,11,,,1102,2MS14_3317-025,214,,189,212,23,19,315.7415082,362.03,0.57086224,1302.557638,53.2,57.4,14.9,10
2021,MO,MO21,11,,,1103,07AB-56,27,,189,212,23,17,373.1490551,219.23,0.330605565,1155.625417,54.5,95.71,14.6,10.1
2021,MO,MO21,11,,,1104,2MS14_3336-002,219,,189,212,23,17,426.9686304,413.69,0.53859497,1556.500482,52.1,67,15.2,10
2021,MO,MO21,11,,,1105,2MS14_3315-015,207,,189,212,23,16,373.1490551,250.8,0.473533619,1222.30421,53.6,52.92,13.4,10
2021,MO,MO21,11,,,1106,08WA-48,133,,189,212,23,15,315.7415082,390.73,0.531680441,1094.065778,53.5,56.01,13.5,10.3
2021,MO,MO21,11,,,1107,2MS14_3306-007,191,,188,213,25,17,283.449763,289.91,0.507425743,1168.148244,52.5,88.72,12.8,10.6
2021,MO,MO21,11,,,1108,08MT-79,89,,189,209,20,13,373.1490551,350.54,0.511770727,1156.934796,50.3,47.66,13.8,10.1
2021,MO,MO21,11,,,1109,08N2-64,107,,188,212,24,19,308.5655648,388.22,0.551756007,1021.103042,53.3,85.49,12.3,10
2021,MO,MO21,11,,,1110,09AB-54,140,,192,215,23,16,301.3896214,326.86,0.469813392,904.5757158,51.9,62.57,15.2,10.2
2021,MO,MO21,11,,,1111,08AB-23,75,,189,209,20,17,337.2693383,358.08,0.559118236,1307.322378,52.8,78.1,13.2,10.2
2021,MO,MO21,11,,,1112,2MS14_3346-002,233,,189,212,23,18,348.0332533,277.35,0.473479948,812.6414446,53.4,70.54,15.2,10.2
2021,MO,MO21,11,,,1113,2MS14_3310-017,200,,189,212,23,16,229.6301878,331.89,0.515675676,1086.638566,51.2,71.17,12.7,10.1
2021,MO,MO21,11,,,1114,Merit57,236,,189,212,23,17,344.4452816,352.34,0.520366599,1120.186777,52,67.16,14.4,10.2
2021,MO,MO21,11,,,1115,08AB-02,66,,189,213,24,16,254.7459895,397.91,0.3877367,1184.313391,50.8,51.6,13.7,10
2021,MO,MO21,11,,,1116,Lavina,235,,189,213,24,17,330.0933949,372.43,0.545279383,1157.875639,46.3,11.69,14,10
2021,MO,MO21,11,,,1117,2MS14_3310-019,202,,189,209,20,17,426.9686304,311.44,0.489631336,824.1413827,52.2,70.35,15.3,9.5
2021,MO,MO21,11,,,1118,08AB-17,73,,189,215,26,18,315.7415082,217.07,0.323966942,,,,,
2021,MO,MO21,11,,,1119,07AB-93,37,,189,215,26,18,369.5610834,308.57,0.347674419,823.8811209,53,70.74,18.8,10
2021,MO,MO21,11,,,1120,09N2-83,174,,189,215,26,17,369.5610834,280.22,0.52240717,695.7509626,53.5,74.61,12.8,10.6
2021,MO,MO21,11,,,1121,Odyssey,237,,189,212,23,17,319.3294799,205.59,0.4991274,909.7063022,50.9,56.49,14.7,9.8
2021,MO,MO21,11,,,1122,09N2-84,175,,189,213,24,18,272.685848,264.43,0.370420624,504.9821883,44.8,90.99,15.5,9.8
2021,MO,MO21,11,,,1123,Hockett,234,,189,213,24,16,373.1490551,152.49,0.185882353,160.9472156,,,,
2021,MO,MO21,12,,,1201,09N2-67,170,,189,212,23,16,348.0332533,190.52,0.487758945,847.6799402,51.5,74.88,15.2,10.1
2021,MO,MO21,12,,,1202,09N2-21,154,,189,215,26,17,186.5745276,306.41,0.538641686,1012.597795,50.1,74.33,11.9,10.1
2021,MO,MO21,12,,,1203,Merit57,236,,189,214,25,16,233.2181594,359.51,0.516966068,1306.409108,52.9,,13.7,10.2
2021,MO,MO21,12,,,1204,2MS14_3345-013,232,,189,209,20,16,326.5054232,446.7,0.554216867,1509.645295,55.6,71.72,12.1,10.6
2021,MO,MO21,12,,,1205,Lavina,235,,189,213,24,19,297.8016497,288.11,0.524283935,1584.35118,49.9,43.96,12.5,9.9
2021,MO,MO21,12,,,1206,2MS14_3342-004,226,,189,212,23,18,337.2693383,385.71,0.524651163,1937.130947,54.2,90.77,11.9,10.1
2021,MO,MO21,12,,,1207,2MS14_3301-016,185,,189,215,26,15,226.0422161,320.41,0.609182531,2091.249621,55.3,71.09,11.4,10.6
2021,MO,MO21,12,,,1208,09MT-22,143,,189,213,24,16,236.8061311,393.96,0.567395264,1386.4359,54.5,93.22,10.5,10.5
2021,MO,MO21,12,,,1209,Odyssey,237,,189,208,19,17,480.7882056,334.04,0.539205156,1309.973417,52.6,86.41,12.9,10.2
2021,MO,MO21,12,,,1210,08WA-02,120,,189,213,24,18,340.85731,290.98,0.453760789,815.7275975,52.2,90.03,16.3,10
2021,MO,MO21,12,,,1211,08WA-27,129,,189,212,23,18,294.2136781,292.42,0.425766871,1148.740922,53.4,81.32,15.9,10.1
2021,MO,MO21,12,,,1212,08N2-53,105,,189,212,23,17,258.3339612,276.27,0.481818182,1010.680466,51.8,75.03,14.1,10.1
2021,MO,MO21,12,,,1213,08WA-20,125,,189,209,20,16,333.6813666,359.87,0.533399801,940.3485934,50.6,41.59,15.9,10.1
2021,MO,MO21,12,,,1214,2MS14_3312-012,203,,189,215,26,16,337.2693383,316.46,0.476190476,1149.941354,54.6,61.98,13.9,10.2
2021,MO,MO21,12,,,1215,07AB-89,34,,189,209,20,14,340.85731,214.2,0.32160804,472.2716568,42.6,88.98,16.9,9.5
2021,MO,MO21,12,,,1216,09N2-69,172,,189,213,24,18,182.9865559,311.79,0.513233602,662.8613414,52.8,85.26,12.7,10.1
2021,MO,MO21,12,,,1217,09N2-63,166,,189,212,23,17,330.0933949,377.81,0.574548908,841.741668,51.8,71.63,12.4,10.2
2021,MO,MO21,12,,,1218,08AB-01,65,,188,209,21,17,315.7415082,396.83,0.444846293,944.7589206,52.2,65.1,16.1,10.2
2021,MO,MO21,12,,,1219,07N2-01,40,,189,215,26,15,272.685848,398.98,0.518884892,1135.416462,53.1,91.85,13.1,10.3
2021,MO,MO21,12,,,1220,08WA-23,127,,188,209,21,18,269.0978763,285.6,0.351758794,746.7145187,52.4,88.02,15.2,9.8
2021,MO,MO21,12,,,1221,Hockett,234,,189,214,25,17,240.3941028,200.21,0.268817204,290.1005993,,93.06,16.9,10.2
2021,MO,MO21,12,,,1222,07N2-21,46,,193,212,19,16,222.4542444,292.42,0.493251534,644.6843779,50.1,78.77,13.9,9.9
2021,MO,MO21,12,,,1223,07AB-81,31,,189,212,23,17,279.8617913,207.74,0.430051813,422.0354213,41,91.49,15.6,9.8
2021,SD,SD21,1,1,1,101,08N2-90,117,0.313,180,209,29,19.6,350.19,734.82,0.54,2870.6,46.7,95.14925373,12,12.5
2021,SD,SD21,1,1,2,102,08N2-42,99,0.43,176,208,32,18.6,602.78,723.33,0.55,3368.5,44.5,90.90909091,11.2,12.6
2021,SD,SD21,1,1,3,103,Merit57,236,0.293,182,209,27,19.3,528.15,625.74,0.51,3476.64,45.4,75.8302583,12.9,12.3
2021,SD,SD21,1,1,4,104,07N2-23,47,0.38,181,208,27,19.3,545.37,780.74,0.54,3853.76,46.3,93.98058252,11.5,12.9
2021,SD,SD21,1,2,1,105,08WA-32,130,0.316,184,206,22,16,711.85,671.67,0.56,3083.03,43.8,67.21991701,12.6,11.7
2021,SD,SD21,1,2,2,106,2MS14_3317-014,211,0.3,183,210,27,20.7,665.93,740.56,0.51,3348,47.8,77.36220472,11.9,12.4
2021,SD,SD21,1,2,3,107,07N2-47,57,0.424,173,209,36,19.3,493.7,574.08,0.52,3004.19,45.3,88.55799373,12.2,11.8
2021,SD,SD21,1,2,4,108,2MS14_3337-013,221,0.271,180,207,27,20.1,665.93,746.3,0.56,3755.06,45,85.45081967,11.3,12.2
2021,SD,SD21,1,3,1,109,08N2-78,114,0.357,175,206,31,16.9,453.52,625.74,0.58,2475.42,46.7,87.64258555,11.8,11.9
2021,SD,SD21,1,3,2,110,2MS14_3301-021,186,0.303,174,206,32,16.8,447.78,568.33,0.57,3355.47,47.5,84.12098299,11.8,11.8
2021,SD,SD21,1,3,3,111,Lavina,235,0.132,178,205,27,21,797.96,591.3,0.51,3015.69,43.8,33.87755102,13.4,12.2
2021,SD,SD21,1,3,4,112,08N2-66,108,0.373,187,212,25,20.3,516.67,660.19,0.48,3936.96,46.5,90.8438061,12.9,12.3
2021,SD,SD21,1,4,1,113,2MS14_3304-022,189,0.303,182,206,24,19.4,510.93,545.37,0.48,1031.21,48.5,90.01996008,14.3,13.6
2021,SD,SD21,1,4,2,114,07N2-28,49,0.388,187,211,24,18.6,436.3,493.7,0.46,2502.31,45.5,86.22641509,12.7,13.7
2021,SD,SD21,1,4,3,115,Odyssey,237,0.232,181,209,28,20.3,752.04,820.93,0.55,3187.37,47.1,95.52495697,13,11.5
2021,SD,SD21,1,4,4,116,Hockett,234,0.217,180,206,26,18.2,533.89,579.82,0.51,3361.35,48.7,91.44981413,12.8,12.1
2021,SD,SD21,1,5,1,117,09N2-62,165,0.414,185,207,22,20.5,470.74,602.78,0.54,2678.04,45.8,92.43542435,10.8,11.5
2021,SD,SD21,1,5,2,118,09N2-90,177,0.35,185,208,23,19.9,476.48,631.48,0.48,2892.03,46.7,81.3229572,12.9,12.5
2021,SD,SD21,1,5,3,119,09AB-51,139,0.288,185,212,27,19.3,447.78,556.85,0.49,2893.9,47.1,86.32162662,14,12.6
2021,SD,SD21,1,5,4,120,07N2-56,58,0.194,174,206,32,15.1,407.59,396.11,0.56,2422.88,47,92.22011385,13.7,11.5
2021,SD,SD21,1,6,1,121,06N2-56,16,0.373,175,208,33,20.6,465,631.48,0.5,2291.81,46.3,92.41803279,11.9,11.8
2021,SD,SD21,1,6,2,122,08AB-24,76,0.389,185,208,23,19.2,533.89,614.26,0.43,2745.84,47.4,74.35424354,14.3,12.1
2021,SD,SD21,1,6,3,123,09N2-31,156,0.293,177,208,31,19.9,706.11,849.63,0.59,3351.55,47.6,94.57504521,11.2,11.4
2021,SD,SD21,1,6,4,124,07N2-43,54,0.398,174,206,32,18.6,499.45,620,0.57,2556.98,42.2,86.36363636,13.2,11.7
2021,SD,SD21,2,7,1,201,Odyssey,237,0.216,181,208,27,19.4,665.93,562.59,0.57,2829.9,44.7,96.08294931,12,15.2
2021,SD,SD21,2,7,2,202,07N2-45,55,0.335,174,206,32,17.1,505.19,574.08,0.51,2716.8,45.1,95.58823529,11.4,14.3
2021,SD,SD21,2,7,3,203,Lavina,235,0.193,178,205,27,21.8,769.26,556.85,0.53,2829.47,42,38.93557423,13.4,16
2021,SD,SD21,2,7,4,204,2MS14_3314-015,205,0.352,178,207,29,18.1,579.82,528.15,0.54,3163.25,45.2,85.42510121,13.3,15.1
2021,SD,SD21,2,8,1,205,08N2-69,110,0.409,179,208,29,19.8,505.19,631.48,0.55,2625.19,43.5,91.70506912,11.2,14.9
2021,SD,SD21,2,8,2,206,2MS14_3335-007,218,0.288,184,210,26,21.8,419.07,671.67,0.58,3483.29,46.1,68.95910781,10.3,17.1
2021,SD,SD21,2,8,3,207,2MS14_3328-025,217,0.222,177,205,28,21,476.48,516.67,0.58,2873.06,45.2,83.8012959,12,14.6
2021,SD,SD21,2,8,4,208,09MT-76,148,0.247,183,211,28,21.3,493.7,579.82,0.51,3083.21,46.5,89.79591837,10.1,16.6
2021,SD,SD21,2,9,1,209,08N2-71,112,0.289,176,208,32,20.9,510.93,505.19,0.53,2958.59,44.7,93.5483871,11,14.3
2021,SD,SD21,2,9,2,210,08AB-48,81,0.349,188,208,20,19.2,487.96,551.11,0.44,3161.87,45.7,71.48217636,13.2,16.2
2021,SD,SD21,2,9,3,211,09AB-59,141,0.351,185,208,23,19.9,568.33,700.37,0.52,3091.5,46.9,84.08644401,13,15.6
2021,SD,SD21,2,9,4,212,08AB-34,78,0.207,183,207,24,16.7,551.11,620,0.53,3159.52,44.4,90.07352941,13.4,15.2
2021,SD,SD21,2,10,1,213,08N2-36,98,0.35,175,207,32,17.7,597.04,654.45,0.58,2937.23,45.9,94.73684211,11.3,14.5
2021,SD,SD21,2,10,2,214,07N2-25,48,0.441,180,208,28,18.9,424.82,539.63,0.54,2944.46,43.9,86.60377358,12.7,15.5
2021,SD,SD21,2,10,3,215,2MS14_3310-018,201,0.296,179,207,28,17.6,476.48,602.78,0.57,3300.03,44.4,79.44444444,12.2,15.3
2021,SD,SD21,2,10,4,216,07AB-55,26,0.283,189,210,21,18.8,499.45,620,0.52,3228.61,48.5,82.47619048,13.8,16
2021,SD,SD21,2,11,1,217,08N2-95,119,0.31,180,206,26,19.6,677.41,648.71,0.57,2865.93,45.4,84.96376812,13.3,15.1
2021,SD,SD21,2,11,2,218,08MT-73,88,0.228,187,207,20,18,717.59,625.74,0.57,3305.35,48,73.00724638,12.7,15.6
2021,SD,SD21,2,11,3,219,Hockett,234,0.301,181,208,27,19.9,677.41,631.48,0.52,3175.04,46.9,89.29961089,12.3,15.1
2021,SD,SD21,2,11,4,220,09N2-60,163,0.386,181,207,26,24.7,608.52,912.78,0.5,2718.08,43.9,82.89473684,12.6,14.6
2021,SD,SD21,2,12,1,221,09N2-48,160,0.313,178,207,29,19.7,493.7,528.15,0.58,3591.72,45.8,85.91836735,11.6,15.2
2021,SD,SD21,2,12,2,222,08N2-23,95,0.334,181,208,27,18.1,453.52,545.37,0.6,3390.17,45.5,89.59107807,11.2,15.3
2021,SD,SD21,2,12,3,223,Merit57,236,0.191,182,208,26,17.6,585.56,562.59,0.54,3120.36,44.1,69.86564299,12.9,15.1
2021,SD,SD21,2,12,4,224,2MS14_3302-011,187,0.29,179,205,26,19.4,556.85,671.67,0.56,3138.73,46.9,93.37349398,12.7,14.6
2021,SD,SD21,3,13,1,301,Hockett,234,0.278,181,207,26,19.4,533.89,648.71,0.52,3316.54,47.6,91.30434783,12.6,14.5
2021,SD,SD21,3,13,2,302,07N2-83,61,0.281,179,206,27,18.6,510.93,631.48,0.57,3057.84,45.5,90.4587156,12.3,14.6
2021,SD,SD21,3,13,3,303,09N2-37,157,0.383,177,208,31,19.6,516.67,677.41,0.6,3440.27,45.6,,11.3,14.9
2021,SD,SD21,3,13,4,304,2MS14_3306-017,193,0.289,181,207,26,20.3,453.52,665.93,0.57,3650.07,44.4,84.72998138,12.2,15
2021,SD,SD21,3,14,1,305,09MT-88,149,0.264,183,210,27,20.9,556.85,786.48,0.54,3621.17,46.5,,11.2,16.2
2021,SD,SD21,3,14,2,306,08AB-05,67,0.328,191,211,20,19.3,499.45,654.45,0.45,3032.67,46.1,77.03435805,14,16.5
2021,SD,SD21,3,14,3,307,Merit57,236,0.178,184,209,25,19.2,407.59,734.82,0.53,3373.73,43.7,69.29133858,13,15.2
2021,SD,SD21,3,14,4,308,2MS14_3306-013,192,0.238,181,207,26,19.7,528.15,843.89,0.56,3660.81,46.3,92.32111693,12.6,15
2021,SD,SD21,3,15,1,309,07N2-68,60,0.227,181,208,27,17.6,533.89,585.56,0.54,2434.1,44.9,86.94779116,12,16
2021,SD,SD21,3,15,2,310,Odyssey,237,0.258,180,208,28,19.9,752.04,688.89,0.54,2997.71,45.3,93.87351779,13,14.8
2021,SD,SD21,3,15,3,311,08AB-46,79,0.327,184,209,25,19.2,625.74,734.82,0.56,3502.25,47.6,77.71639042,13.3,15.2
2021,SD,SD21,3,15,4,312,2MS14_3317-018,213,0.451,181,208,27,20.7,545.37,884.08,0.58,3759.01,48.2,76.65441176,11.2,16.1
2021,SD,SD21,3,16,1,313,08WA-16,124,0.432,182,207,25,17.8,671.67,717.59,0.52,3450.45,46.1,84.39201452,13.1,15.1
2021,SD,SD21,3,16,2,314,06N2-53,14,0.293,173,207,34,21.7,671.67,820.93,0.55,2687.8,45.3,92.70072993,11.2,14.5
2021,SD,SD21,3,16,3,315,Lavina,235,0.219,178,206,28,22.2,797.96,734.82,0.52,3413.66,42.6,34.3079922,14,15.8
2021,SD,SD21,3,16,4,316,08N2-47,100,0.297,174,205,31,19.3,487.96,717.59,0.57,3535.62,45.1,88.13559322,11.2,14.6
2021,SD,SD21,3,17,1,317,08MT-11,83,0.3,179,206,27,20.2,470.74,625.74,0.66,3514.9,47.4,89.47368421,12.7,15
2021,SD,SD21,3,17,2,318,08N2-18,91,0.486,177,207,30,19.9,556.85,815.19,0.52,2850.59,44.5,92.68738574,14.1,14.3
2021,SD,SD21,3,17,3,319,2MS14_3317-016,212,0.56,178,209,31,20.6,528.15,688.89,0.58,4082.35,48.5,84.5045045,11.3,15.4
2021,SD,SD21,3,17,4,320,08AB-14,72,0.3,183,208,25,18.9,476.48,706.11,0.53,3973.78,44.2,66.52360515,13,15.7
2021,SD,SD21,3,18,1,321,06N2-51,13,0.354,178,207,29,17.3,591.3,642.96,0.6,3448.17,45.4,85.52875696,13,14.9
2021,SD,SD21,3,18,2,322,08N2-21,93,0.306,177,208,31,18.9,625.74,746.3,0.53,3174.96,46.7,94.89795918,11.6,14.1
2021,SD,SD21,3,18,3,323,08MT-36,86,0.483,185,210,25,18.6,620,838.15,0.54,3669.28,45,77.45901639,13.3,15.3
2021,SD,SD21,3,18,4,324,06AB-32,2,0.473,177,205,28,18.9,642.96,797.96,0.57,3756.39,46.9,76.75675676,12.5,14.8
2021,SD,SD21,4,19,1,401,06WA-38,21,0.322,183,209,26,20.7,459.26,499.45,0.47,2826.44,45.8,77.73788151,14.1,14.8
2021,SD,SD21,4,19,2,402,06N2-31,9,0.297,178,209,31,19.2,516.67,677.41,0.58,3787.72,47.1,95.37572254,10.7,14.7
2021,SD,SD21,4,19,3,403,08N2-20,92,0.553,175,209,34,16.1,470.74,516.67,0.71,3324.77,44.8,95.32163743,11.4,14.5
2021,SD,SD21,4,19,4,404,08N2-93,118,0.499,177,208,31,19.9,551.11,746.3,0.55,3143.16,45.2,95.25616698,11.6,14.3
2021,SD,SD21,4,20,1,405,2MS14_3342-022,231,0.322,178,208,30,20.5,597.04,769.26,0.58,3444.09,45.6,81.71641791,12.4,14.5
2021,SD,SD21,4,20,2,406,Lavina,235,0.235,179,206,27,21.3,516.67,528.15,0.49,3046.9,41.8,33.75262055,13.6,15.2
2021,SD,SD21,4,20,3,407,09N2-38,158,0.3,177,208,31,20.5,355.93,528.15,0.7,3583.33,44.8,91.0331384,12,14.8
2021,SD,SD21,4,20,4,408,08MT-28,84,0.303,184,207,23,20.2,585.56,614.26,0.52,3436.04,46,88.86925795,13.3,14.7
2021,SD,SD21,4,21,1,409,08AB-09,70,0.243,182,208,26,20.2,384.63,539.63,0.58,3346.89,46.8,65.94982079,11.5,14.6
2021,SD,SD21,4,21,2,410,09N2-39,159,0.289,178,208,30,20.3,528.15,585.56,0.61,3794.76,46.6,83.87096774,11.1,14.4
2021,SD,SD21,4,21,3,411,Merit57,236,0.234,182,208,26,18.6,620,579.82,0.54,3804.39,44.8,73.62428843,13.1,15
2021,SD,SD21,4,21,4,412,Odyssey,237,0.142,182,207,25,21.1,591.3,642.96,0.63,3896.44,46.3,94.07407407,12.1,13.9
2021,SD,SD21,4,22,1,413,07AB-84,32,0.311,184,207,23,18.5,545.37,568.33,0.55,3223.17,46.2,88.18011257,12.6,15
2021,SD,SD21,4,22,2,414,09N2-91,178,0.235,181,210,29,17.8,505.19,533.89,0.52,2917.1,44.7,82.48472505,11.8,15.6
2021,SD,SD21,4,22,3,415,07AB-51,25,0.296,185,210,25,20.7,442.04,597.04,0.57,3110.15,46.2,80.26819923,12.9,15.2
2021,SD,SD21,4,22,4,416,06WA-39,22,0.304,185,210,25,21.4,459.26,556.85,0.49,3254.87,44.3,85.60311284,13.6,15
2021,SD,SD21,4,23,1,417,Hockett,234,0.283,181,208,27,19.6,355.93,516.67,0.49,2855.26,47,91.28113879,12.6,14.5
2021,SD,SD21,4,23,2,418,2MS14_3336-016,220,0.384,177,209,32,19.6,476.48,637.22,0.56,3504.32,47.1,92.70462633,12,15.2
2021,SD,SD21,4,23,3,419,2MS14_3318-006,215,0.348,182,206,24,19.2,568.33,608.52,0.53,3445.02,44.4,80.64516129,13.1,14.2
2021,SD,SD21,4,23,4,420,2MS14_3342-013,229,0.326,181,208,27,20.3,608.52,763.52,0.52,3719.85,47.4,81.13879004,12.4,15
2021,SD,SD21,4,24,1,421,06N2-26,8,0.469,174,205,31,22.3,424.82,545.37,0.54,2753.66,45.8,97.33096085,11.3,14.5
2021,SD,SD21,4,24,2,422,08AB-07,68,0.362,191,212,21,18.4,539.63,660.19,0.52,3439.01,45.4,84.07643312,13.3,15.7
2021,SD,SD21,4,24,3,423,08AB-47,80,0.357,185,210,25,18.8,384.63,465,0.58,2857.21,43.5,87.94466403,12.6,14.7
2021,SD,SD21,4,24,4,424,06N2-64,17,0.321,188,209,21,16.3,373.15,499.45,0.45,3141.24,45.1,90.78947368,13.1,13.6
2021,SD,SD21,5,25,1,501,06N2-54,15,0.463,174,206,32,19.2,562.59,591.3,0.54,2850.71,44.6,92.09486166,10.7,13.8
2021,SD,SD21,5,25,2,502,Lavina,235,0.302,178,206,28,22.3,556.85,597.04,0.48,3128.49,42.2,27.98353909,13.5,14.7
2021,SD,SD21,5,25,3,503,08WA-34,131,0.302,184,209,25,19.3,465,815.19,0.49,3538.56,45.3,81.22529644,13.7,14.9
2021,SD,SD21,5,25,4,504,09N2-51,161,0.387,186,209,23,20.1,493.7,780.74,0.51,3281.71,45.1,81.06382979,12.5,15.2
2021,SD,SD21,5,26,1,505,2MS14_3308-025,196,0.465,178,205,27,23.5,482.22,516.67,0.49,2514.62,47.4,65.24163569,12.3,14.7
2021,SD,SD21,5,26,2,506,2MS14_3305-002,190,0.421,180,206,26,20.5,551.11,706.11,0.53,3296.17,45.9,92.15328467,13.7,14.2
2021,SD,SD21,5,26,3,507,09N2-58,162,0.502,178,206,28,23.5,522.41,769.26,0.53,3224.86,44,94.30255403,13,13.8
2021,SD,SD21,5,26,4,508,07N2-20,45,,,,,,,,,,,79.21568627,12.6,
2021,SD,SD21,5,27,1,509,08N2-54,106,0.266,175,205,30,19.4,677.41,746.3,0.58,3000.05,46.1,,11.7,13.2
2021,SD,SD21,5,27,2,510,09N2-16,152,0.437,181,209,28,21.8,602.78,832.41,0.51,2971.46,46.7,89.82035928,12.3,14.6
2021,SD,SD21,5,27,3,511,06N2-49,12,0.549,176,208,32,19.4,602.78,786.48,0.56,3477.51,42.3,93.05555556,12.1,14.2
2021,SD,SD21,5,27,4,512,08N2-77,113,0.512,176,208,32,20.5,436.3,740.56,0.59,3402.98,45.1,85.27724665,11.9,13.9
2021,SD,SD21,5,28,1,513,06WA-58,23,0.223,182,208,26,20.6,574.08,620,0.51,3523.2,47.2,63.8996139,14,14.9
2021,SD,SD21,5,28,2,514,Hockett,234,0.565,178,206,28,19,505.19,683.15,0.55,3661.74,46.7,86.84210526,13.1,13.8
2021,SD,SD21,5,28,3,515,2MS14_3316-020,209,0.885,182,205,23,16.7,729.08,706.11,0.56,3471.12,43.6,66.92160612,13.5,13.9
2021,SD,SD21,5,28,4,516,Merit57,236,0.461,181,208,27,19.4,424.82,723.33,0.47,3669.58,44,70.96774194,12.7,14.5
2021,SD,SD21,5,29,1,517,Odyssey,237,0.29,180,208,28,19,665.93,671.67,0.58,3328.15,45.3,93.93382353,12.3,14
2021,SD,SD21,5,29,2,518,09N2-18,153,0.46,175,206,31,20.2,637.22,620,0.64,3008.93,42,91.41221374,11,13.4
2021,SD,SD21,5,29,3,519,08WA-46,132,0.49,183,205,22,18.6,510.93,694.63,0.53,3394.71,42.8,75.62862669,13.4,14.1
2021,SD,SD21,5,29,4,520,08WA-24,128,0.36,184,208,24,19.6,551.11,717.59,0.57,3658.06,45.9,80.75471698,13.4,14.2
2021,SD,SD21,5,30,1,521,08N2-82,116,0.328,174,208,34,18.2,551.11,688.89,0.54,3452.11,45,95.72301426,12,13.5
2021,SD,SD21,5,30,2,522,08N2-27,96,0.485,174,206,32,18.9,516.67,648.71,0.52,3463.72,45.1,94.67680608,11.1,13.8
2021,SD,SD21,5,30,3,523,06N2-14,5,0.434,177,207,30,19.9,637.22,878.34,0.54,3841.73,44.3,91.30434783,14,14.1
2021,SD,SD21,5,30,4,524,07AB-59,28,0.332,186,208,22,19.6,654.45,752.04,0.55,3601.11,46.9,83.77358491,13.5,14.9
2021,SD,SD21,6,31,1,601,09MT-37,145,0.314,179,208,29,19.8,562.59,648.71,0.55,3409.53,46.8,94.0952381,10.7,14.3
2021,SD,SD21,6,31,2,602,2MS14_3316-005,208,0.364,184,209,25,16.9,660.19,642.96,0.55,3851.8,46.1,74.52471483,13.5,14.4
2021,SD,SD21,6,31,3,603,Lavina,235,0.196,177,205,28,21.8,878.34,706.11,0.51,3467.43,42,34.6473029,13.6,14.8
2021,SD,SD21,6,31,4,604,08N2-51,103,0.431,174,206,32,18.8,556.85,660.19,0.53,3380.58,44.6,79.72709552,12.2,13.7
2021,SD,SD21,6,32,1,605,2MS14_3307-008,194,0.484,181,208,27,21.9,470.74,642.96,0.54,2809.39,43.2,94.44444444,12,15.1
2021,SD,SD21,6,32,2,606,09N2-93,179,0.28,181,208,27,18.4,373.15,505.19,0.48,3022.54,45,83.70221328,12.5,13.8
2021,SD,SD21,6,32,3,607,07N2-14,41,0.459,174,205,31,20.5,447.78,556.85,0.57,3456.82,45.4,92.81045752,11.8,13.4
2021,SD,SD21,6,32,4,608,09N2-68,171,0.343,187,207,20,18.4,361.67,522.41,0.49,3321.72,47.6,75.60073937,13,14.4
2021,SD,SD21,6,33,1,609,2MS14_3315-005,206,0.304,182,208,26,20.2,734.82,688.89,0.52,3647.17,45.3,69.69111969,12.7,14.3
2021,SD,SD21,6,33,2,610,09AB-29,138,0.273,180,207,27,18.4,482.22,568.33,0.65,3419.16,47.3,89.31451613,13.2,13.5
2021,SD,SD21,6,33,3,611,08AB-13,71,0.403,183,208,25,19.6,654.45,746.3,0.53,4033.76,45.4,64.55938697,12.3,14.1
2021,SD,SD21,6,33,4,612,08N2-17,90,0.351,186,208,22,20.5,350.19,465,0.73,3481.86,44.2,96.06741573,10.9,14.3
2021,SD,SD21,6,34,1,613,2MS14_3309-029,197,0.383,183,207,24,18.5,430.56,551.11,0.54,3360.17,46.1,69.15322581,13.5,14.2
2021,SD,SD21,6,34,2,614,07N2-29,50,0.381,181,208,27,19.8,413.33,688.89,0.5,4016.02,44.2,70.93023256,13.4,14
2021,SD,SD21,6,34,3,615,Hockett,234,0.305,181,208,27,20.6,597.04,723.33,0.58,3994.19,47.3,88.0733945,13.2,13.7
2021,SD,SD21,6,34,4,616,2MS14_3340-013,223,0.307,183,206,23,19.4,355.93,482.22,0.54,3043.61,46.3,88.46880907,13.3,13.8
2021,SD,SD21,6,35,1,617,Odyssey,237,0.216,181,208,27,20.3,505.19,528.15,0.62,3514.19,45.6,93.91634981,12.7,13.7
2021,SD,SD21,6,35,2,618,06N2-15,6,0.441,177,207,30,19.6,522.41,551.11,0.67,3090.06,45.3,92.48554913,12.3,13.7
2021,SD,SD21,6,35,3,619,08MT-31,85,0.453,182,206,24,20.7,574.08,855.37,0.51,3540.95,45.2,85.9430605,13.6,14
2021,SD,SD21,6,35,4,620,09AB-87,142,0.334,184,209,25,19.2,528.15,665.93,0.46,3723.43,45.7,75.09960159,13.8,14.3
2021,SD,SD21,6,36,1,621,Merit57,236,0.263,180,208,28,18.1,396.11,545.37,0.53,3473.31,44.8,71.18320611,13.4,14
2021,SD,SD21,6,36,2,622,2MS14_3312-020,204,0.293,180,208,28,19.6,424.82,579.82,0.58,3615.35,44.9,76.41509434,11.9,14
2021,SD,SD21,6,36,3,623,2MS14_3342-010,228,0.445,178,207,29,20.9,551.11,671.67,0.45,3856.39,46.5,79.39508507,14.2,13.9
2021,SD,SD21,7,37,1,701,07N2-37,52,0.433,174,206,32,17.5,631.48,671.67,0.56,2914.14,46.2,84.11764706,12.7,12.8
2021,SD,SD21,7,37,2,702,2MS14_3340-004,222,0.268,184,210,26,23.2,671.67,930,0.52,3238.07,47.7,88.36363636,13.6,14.4
2021,SD,SD21,7,37,3,703,2MS14_3301-001,184,0.481,182,207,25,19.6,642.96,855.37,0.57,3548.26,45.1,89.30693069,12.7,13.6
2021,SD,SD21,7,37,4,704,07WA-17,63,0.41,181,206,25,16.1,556.85,717.59,0.56,4555.54,46,75.35971223,13.5,13.7
2021,SD,SD21,7,38,1,705,Lavina,235,0.227,178,205,27,22.3,660.19,757.78,0.54,3195.8,43.1,46.33663366,13.5,14.3
2021,SD,SD21,7,38,2,706,2MS14_3324-018,216,0.403,178,206,28,20.9,642.96,866.85,0.55,3732.11,46.3,85.38461538,12.8,14.1
2021,SD,SD21,7,38,3,707,Hockett,234,0.319,180,207,27,17.7,740.56,769.26,0.55,3673.2,46.6,89.60573477,13.4,13.7
2021,SD,SD21,7,38,4,708,2MS14_3308-020,195,0.4,179,206,27,20.5,648.71,815.19,0.52,3358.3,47.4,79.77736549,12.9,14
2021,SD,SD21,7,39,1,709,08WA-53,134,0.444,181,206,25,17.7,683.15,861.11,0.53,3695.96,47.6,,12.6,13.7
2021,SD,SD21,7,39,2,710,06N2-67,18,0.461,177,206,29,19.8,620,734.82,0.57,3165.57,46.2,93.70503597,13.3,13.1
2021,SD,SD21,7,39,3,711,Odyssey,237,0.423,181,207,26,21.7,608.52,694.63,0.53,3746.8,45.7,95.8,12.8,13.4
2021,SD,SD21,7,39,4,712,09MT-34,144,0.333,176,210,34,20.7,683.15,884.08,0.56,4024.03,46.4,92.47104247,10.5,14.6
2021,SD,SD21,7,40,1,713,09N2-66,169,0.345,186,208,22,21.8,493.7,734.82,0.48,3410.61,44.7,93.37349398,13.3,14
2021,SD,SD21,7,40,2,714,08N2-22,94,0.463,176,206,30,18.5,775,843.89,0.55,3813.8,45,91.90871369,12.3,13.1
2021,SD,SD21,7,40,3,715,08N2-52,104,0.555,174,206,32,19.7,711.85,792.22,0.59,3286.38,44.8,82.04633205,12.3,12.9
2021,SD,SD21,7,40,4,716,08MT-03,82,0.717,180,206,26,22.7,637.22,786.48,0.53,3714.59,46.5,90.50387597,13,13.6
2021,SD,SD21,7,41,1,717,06N2-81,20,0.495,177,206,29,22.4,631.48,843.89,0.56,3860.44,47.1,92.61261261,11.5,13.6
2021,SD,SD21,7,41,2,718,07WA-45,64,0.418,179,207,28,21,843.89,1033.34,0.56,4239.98,46.3,80.72519084,13.6,13.7
2021,SD,SD21,7,41,3,719,09WA-39,183,0.329,178,206,28,21.9,631.48,832.41,0.54,3684.1,45,85.28827038,14.5,13.7
2021,SD,SD21,7,41,4,720,07AB-85,33,0.502,181,207,26,21.9,717.59,1021.85,0.52,3877.71,46.9,89.52380952,12.9,14.3
2021,SD,SD21,7,42,1,721,09N2-64,167,0.503,182,208,26,24,608.52,1021.85,0.41,3313.79,44.8,88.58800774,11.6,14.5
2021,SD,SD21,7,42,2,722,2MS14_3302-026,188,0.442,181,208,27,21.1,631.48,780.74,0.46,3660.7,46.4,93.51669941,11.7,14.2
2021,SD,SD21,7,42,3,723,Merit57,236,0.464,180,207,27,19.6,660.19,809.45,0.54,3961.21,44.4,74.10358566,13,13.1
2021,SD,SD21,8,43,1,801,06N2-23,7,0.409,176,206,30,23.5,419.07,510.93,0.86,3812.78,45.8,96.95340502,12.4,14.9
2021,SD,SD21,8,43,2,802,06AB-08,1,0.423,181,208,27,19.6,533.89,775,0.54,3836.12,45.7,77.16150082,13.6,15.8
2021,SD,SD21,8,43,3,803,Hockett,234,0.345,180,207,27,19,677.41,803.71,0.56,3850.75,47.7,92.42174629,13.4,15
2021,SD,SD21,8,43,4,804,2MS14_3340-022,224,0.389,181,206,25,24.3,539.63,631.48,0.55,3932.5,44.9,90.53571429,12.2,15.2
2021,SD,SD21,8,44,1,805,07N2-41,53,,,,,,,,,,,74.08829175,13.8,
2021,SD,SD21,8,44,2,806,08WA-15,123,0.561,175,207,32,22.3,551.11,654.45,0.61,3787.28,44.7,88.24786325,12,15.2
2021,SD,SD21,8,44,3,807,Lavina,235,0.314,177,205,28,20.9,562.59,746.3,0.55,3749.68,42.5,44.55645161,13.1,15.8
2021,SD,SD21,8,44,4,808,08N2-68,109,0.657,177,208,31,23.1,677.41,872.59,0.54,4043.7,43.8,84.33268859,11.7,15.3
2021,SD,SD21,8,45,1,809,08AB-31,77,0.271,183,206,23,21,551.11,648.71,0.52,3463.66,45.8,86.37992832,13.1,15.5
2021,SD,SD21,8,45,2,810,08N2-49,102,0.475,175,208,33,23.5,637.22,889.82,0.6,4112.56,46.7,92.01451906,11.8,15
2021,SD,SD21,8,45,3,811,08WA-04,121,0.391,179,207,28,18.2,642.96,757.78,0.53,4551.09,46.6,86.01532567,12.8,16.2
2021,SD,SD21,8,45,4,812,06N2-79,19,0.452,179,208,29,25.5,637.22,975.93,0.54,3606.35,43.4,97.58364312,13.7,15.1
2021,SD,SD21,8,46,1,813,09WA-10,181,0.273,179,205,26,21.3,786.48,815.19,0.59,3643.62,46.8,86.67992048,12.8,15.2
2021,SD,SD21,8,46,2,814,06N2-47,11,0.565,176,207,31,19.6,642.96,723.33,0.53,4380.31,45.4,91.00204499,12.5,15.2
2021,SD,SD21,8,46,3,815,Merit57,236,0.271,181,208,27,21.3,660.19,849.63,0.61,4748.6,42.9,72.79411765,12.3,15.7
2021,SD,SD21,8,46,4,816,2MS14_3317-006,210,0.353,179,208,29,23.6,637.22,930,0.6,4444.4,47.5,90.4296875,11.6,15.5
2021,SD,SD21,8,47,1,817,2MS14_3310-009,198,0.474,182,208,26,22.4,734.82,924.26,0.58,4861.67,45.5,91.33574007,10.6,15.5
2021,SD,SD21,8,47,2,818,09WA-30,182,0.358,183,206,23,19.9,665.93,809.45,0.56,4447.31,46.4,94.00749064,12.6,15.1
2021,SD,SD21,8,47,3,819,09MT-75,147,0.582,182,210,28,24.4,459.26,660.19,0.55,4355.38,46.2,89.27203065,11.6,16.3
2021,SD,SD21,8,47,4,820,Odyssey,237,0.216,181,207,26,22.6,740.56,952.96,0.6,4802.67,44.9,95.78313253,10.7,15.1
2021,SD,SD21,8,48,1,821,07N2-64,59,0.355,177,208,31,22,499.45,660.19,0.55,3881.45,43.1,90.11627907,11.9,14.7
2021,SD,SD21,8,48,2,822,2MS14_3310-012,199,0.388,177,205,28,23,729.08,918.52,0.59,4662.4,45.5,88.34586466,12.4,15.3
2021,SD,SD21,8,48,3,823,07AB-91,35,0.394,179,206,27,22.4,970.19,964.45,0.56,4443.5,47.2,89.43661972,12.4,15.6
2021,SD,SD21,9,49,1,901,Lavina,235,0.195,178,205,27,23.8,987.41,895.56,0.56,3997.89,42.7,37.52310536,12.4,15.6
2021,SD,SD21,9,49,2,902,07BA-94,38,0.433,183,206,23,21.3,665.93,912.78,0.54,4294.81,46.6,82.73244782,12.2,15.2
2021,SD,SD21,9,49,3,903,07AB-63,29,0.312,181,207,26,24.8,820.93,1056.3,0.52,4332.53,47.6,85.22522523,12.5,15.3
2021,SD,SD21,9,49,4,904,06MT-93,3,0.421,181,206,25,23.9,838.15,1085,0.53,4112.56,45.9,82.31292517,12.1,15
2021,SD,SD21,9,50,1,905,Merit57,236,0.368,183,208,25,21.7,522.41,551.11,0.54,4600.24,42.4,75.26205451,11.8,14.7
2021,SD,SD21,9,50,2,906,08MT-60,87,0.389,180,206,26,28,665.93,866.85,0.51,4354.82,45.9,90.49429658,13.3,14.8
2021,SD,SD21,9,50,3,907,Hockett,234,0.237,179,206,27,23.8,775,918.52,0.57,4499.65,45.9,83.92857143,12,14.9
2021,SD,SD21,9,50,4,908,09N2-65,168,0.425,181,206,25,25.7,792.22,1033.34,0.56,4202.68,43.4,81.93277311,10.2,15.6
2021,SD,SD21,9,51,1,909,08AB-08,69,0.395,190,212,22,24.1,729.08,889.82,0.54,3969.77,46.2,79.13533835,12.2,16
2021,SD,SD21,9,51,2,910,09MT-93,151,0.429,177,208,31,23.5,775,872.59,0.55,4408.29,45.6,87.27984344,10.7,15.3
2021,SD,SD21,9,51,3,911,07N2-19,44,0.305,177,206,29,20.6,734.82,815.19,0.58,4233.07,45.4,93.01075269,13.1,14.6
2021,SD,SD21,9,51,4,912,08WA-21,126,0.794,181,205,24,23.8,872.59,1090.74,0.53,4530.43,45.9,80.51724138,12.5,15.4
2021,SD,SD21,9,52,1,913,09N2-61,164,0.432,184,209,25,22.7,510.93,620,0.49,2867.35,42.1,87.15953307,11.3,15.3
2021,SD,SD21,9,52,2,914,Odyssey,237,0.291,181,208,27,22.3,912.78,918.52,0.57,4544.98,44.8,95.82542694,11.9,14.6
2021,SD,SD21,9,52,3,915,08AB-22,74,0.277,182,207,25,24.8,642.96,1096.48,0.57,4722.59,46.9,93.08600337,12.5,15.4
2021,SD,SD21,9,52,4,916,2MS14_3340-025,225,0.496,181,207,26,24.5,849.63,947.22,0.54,4307.74,44.6,76.73179396,11.8,15
2021,SD,SD21,9,53,1,917,09N2-29,155,0.484,178,208,30,21.9,447.78,700.37,0.57,4114.92,47.4,82.5426945,11.6,15.4
2021,SD,SD21,9,53,2,918,09N2-86,176,0.379,190,208,18,18.4,637.22,797.96,0.52,3936.72,46.4,79.8,13,15.3
2021,SD,SD21,9,53,3,919,09AB-27,137,0.43,184,207,23,24,763.52,1096.48,0.53,4237.67,45.2,80.47445255,12.7,15
2021,SD,SD21,9,53,4,920,08N2-34,97,0.451,177,206,29,24.4,752.04,998.89,0.55,4444.5,46.3,90.0952381,11.5,15
2021,SD,SD21,9,54,1,921,08N2-70,111,0.52,176,206,30,18.6,746.3,786.48,0.58,2603.63,44.6,86.55616943,11.9,14.7
2021,SD,SD21,9,54,2,922,06WA-90,24,0.32,177,207,30,24.8,849.63,1044.82,0.59,4154.58,45.2,81.99643494,12,15.6
2021,SD,SD21,9,54,3,923,09AB-25,136,0.381,186,208,22,21.5,729.08,993.15,0.53,3940.75,46,89.35779817,12.4,15.7
2021,SD,SD21,10,55,1,1001,07WA-12,62,0.48,181,206,25,20.3,803.71,780.74,0.59,3661.55,46.2,80.36697248,12.7,15.4
2021,SD,SD21,10,55,2,1002,07N2-17,43,0.347,177,207,30,20.9,734.82,775,0.54,3322.96,44.4,86.99808795,12.1,14.8
2021,SD,SD21,10,55,3,1003,2MS14_3342-018,230,0.329,180,207,27,21.8,665.93,970.19,0.56,4677.47,46.8,82.63473054,12.4,15.2
2021,SD,SD21,10,55,4,1004,09N2-72,173,0.473,178,206,28,24.1,780.74,952.96,0.56,4549.57,46.4,78.81355932,12.2,14.7
2021,SD,SD21,10,56,1,1005,06N2-02,4,0.454,174,205,31,17.5,482.22,533.89,0.59,3223.25,46.8,88.7477314,12.8,14.2
2021,SD,SD21,10,56,2,1006,Merit57,236,0.31,182,208,26,21,620,620,0.55,4385.48,44.9,74.76635514,12.8,15.1
2021,SD,SD21,10,56,3,1007,2MS14_3342-009,227,0.406,180,208,28,21.5,579.82,815.19,0.53,3679.91,46.9,86.79927667,13.1,15.4
2021,SD,SD21,10,56,4,1008,07AB-92,36,0.481,183,206,23,28.5,660.19,993.15,0.56,3644.32,47.4,91.09090909,12,15.4
2021,SD,SD21,10,57,1,1009,Odyssey,237,0.237,181,206,25,21.3,614.26,620,0.57,3231.53,46.2,95.34050179,12,14.7
2021,SD,SD21,10,57,2,1010,07N2-46,56,0.399,174,206,32,19.2,539.63,556.85,0.56,3350.62,45.5,90.82217973,11.9,14.4
2021,SD,SD21,10,57,3,1011,09N2-96,180,0.376,179,208,29,21.1,694.63,998.89,0.56,4267.96,45,76.59963437,10.9,15.8
2021,SD,SD21,10,57,4,1012,07N2-16,42,0.443,175,207,32,21.3,585.56,740.56,0.57,4432.14,45.8,92.30769231,11.5,14.2
2021,SD,SD21,10,58,1,1013,08WA-58,135,0.273,184,207,23,19.9,562.59,648.71,0.55,3740.99,44.5,81.70055453,12.9,15
2021,SD,SD21,10,58,2,1014,Hockett,234,0.381,181,206,25,19.2,620,620,0.55,3587.15,46.3,85.84229391,13.2,15.3
2021,SD,SD21,10,58,3,1015,07MT-10,39,,,,,,,,,,,63.22067594,13.3,
2021,SD,SD21,10,58,4,1016,06N2-35,10,0.426,178,208,30,22.8,516.67,688.89,0.55,4483.07,44.5,97.34345351,11.9,14.8
2021,SD,SD21,10,59,1,1017,07N2-36,51,,,,,,,,,,,29.80392157,14.9,
2021,SD,SD21,10,59,2,1018,08N2-79,115,0.238,173,205,32,18.2,665.93,734.82,0.61,3589.35,45.1,86.66666667,12.8,14.4
2021,SD,SD21,10,59,3,1019,Lavina,235,0.246,177,205,28,23.5,797.96,734.82,0.56,3630.63,42.8,39.06542056,12.8,15.3
2021,SD,SD21,10,59,4,1020,07AB-80,30,0.471,184,208,24,23,717.59,1039.08,0.56,4723.22,46,83.68932039,11.9,15.2
2021,SD,SD21,10,60,1,1021,09MT-92,150,0.36,178,208,30,19.7,407.59,620,0.56,3528.22,45.2,94.57943925,12.6,15
2021,SD,SD21,10,60,2,1022,09MT-62,146,0.374,184,212,28,22,551.11,688.89,0.53,3425.1,45.3,82.58196721,11.8,16.3
2021,SD,SD21,10,60,3,1023,08WA-11,122,0.353,181,206,25,19.8,797.96,803.71,0.6,4045.7,44.9,75.42016807,11.9,14.8
2021,SD,SD21,11,61,1,1101,08N2-48,101,0.387,175,205,30,18.1,465,493.7,0.57,3368.12,44.6,86.25954198,11.2,14.8
2021,SD,SD21,11,61,2,1102,2MS14_3317-025,214,0.362,179,206,27,25.7,602.78,729.08,0.58,3524.42,47.5,81.34991119,12.7,15.3
2021,SD,SD21,11,61,3,1103,07AB-56,27,0.444,182,205,23,20.1,620,642.96,0.78,4028.94,45.9,92.10526316,12.6,14.9
2021,SD,SD21,11,61,4,1104,2MS14_3336-002,219,0.397,175,206,31,22.2,809.45,1067.78,0.59,4224.54,46.4,94.01088929,12.3,14.5
2021,SD,SD21,11,62,1,1105,2MS14_3315-015,207,0.295,180,206,26,20.1,620,608.52,0.57,3271.99,46,77.00729927,11.8,14.5
2021,SD,SD21,11,62,2,1106,08WA-48,133,0.342,184,206,22,19.7,493.7,591.3,0.56,3026.23,43.1,79.44915254,12.7,14.5
2021,SD,SD21,11,62,3,1107,2MS14_3306-007,191,0.528,177,206,29,21.3,688.89,895.56,0.58,4287.65,45.4,93.95085066,12.2,14.4
2021,SD,SD21,11,62,4,1108,08MT-79,89,0.273,179,205,26,19,947.22,993.15,0.58,4323.78,45.8,84.27184466,11.8,14.2
2021,SD,SD21,11,63,1,1109,08N2-64,107,0.465,178,206,28,19.3,539.63,642.96,0.56,3407.5,45.6,86.29173989,12.1,14.9
2021,SD,SD21,11,63,2,1110,09AB-54,140,0.367,186,211,25,19.7,706.11,786.48,0.52,3715.83,45.1,81.7699115,13.5,15.7
2021,SD,SD21,11,63,3,1111,08AB-23,75,0.285,184,205,21,19.6,763.52,907.04,0.56,3653.8,46,84.13284133,12.7,14.7
2021,SD,SD21,11,63,4,1112,2MS14_3346-002,233,0.455,181,206,25,23.1,717.59,1010.37,0.57,3952.51,46.7,78.50098619,12.5,14.4
2021,SD,SD21,11,64,1,1113,2MS14_3310-017,200,0.268,182,207,25,20.3,631.48,746.3,0.59,3134.07,45.3,89.15009042,13,15.1
2021,SD,SD21,11,64,2,1114,Merit57,236,0.28,182,208,26,21.4,683.15,746.3,0.54,3246.42,42.5,69.83240223,13.4,15
2021,SD,SD21,11,64,3,1115,08AB-02,66,0.357,185,208,23,19,568.33,637.22,0.55,3864.19,45.1,83.14176245,12.8,14.8
2021,SD,SD21,11,64,4,1116,Lavina,235,0.331,177,205,28,24,878.34,786.48,0.55,3599.37,42.4,34.47580645,12.3,15.1
2021,SD,SD21,11,65,1,1117,2MS14_3310-019,202,0.223,180,206,26,20.5,614.26,780.74,0.59,3513.93,46.4,86.99029126,12.7,14.8
2021,SD,SD21,11,65,2,1118,08AB-17,73,0.29,185,208,23,20.6,562.59,625.74,0.51,3285.06,43.9,85.95194085,14.9,15
2021,SD,SD21,11,65,3,1119,07AB-93,37,0.383,184,206,22,21,654.45,740.56,0.56,3378.53,47.4,83.36314848,13.4,14.8
2021,SD,SD21,11,65,4,1120,09N2-83,174,0.354,177,207,30,20.5,752.04,832.41,0.53,3754.86,45.1,89.9795501,12.4,14.2
2021,SD,SD21,11,66,1,1121,Odyssey,237,0.284,179,207,28,19.6,677.41,723.33,0.53,2968.43,44.8,89.76833977,11.9,14.6
2021,SD,SD21,11,66,2,1122,09N2-84,175,0.298,181,208,27,20.7,780.74,757.78,0.58,3482.45,45,94.92900609,12.8,14.4
2021,SD,SD21,11,66,3,1123,Hockett,234,0.27,182,206,24,19.2,637.22,694.63,0.57,3965.72,45.9,86.78500986,13,14.6
2021,SD,SD21,12,67,1,1201,09N2-67,170,0.285,185,208,23,21.4,528.15,620,0.55,3640.28,44.3,84.80300188,12.3,14.6
2021,SD,SD21,12,67,2,1202,09N2-21,154,0.352,178,207,29,21.9,528.15,642.96,0.57,3438.51,44.7,93.23583181,11,14.4
2021,SD,SD21,12,67,3,1203,Merit57,236,0.289,182,208,26,20.1,752.04,820.93,0.57,3514.73,44.6,75.6227758,12.9,15
2021,SD,SD21,12,67,4,1204,2MS14_3345-013,232,0.453,177,207,30,21.7,591.3,711.85,0.61,4099.39,45.8,90.95940959,11.7,14.6
2021,SD,SD21,12,68,1,1205,Lavina,235,0.295,177,205,28,20.6,769.26,625.74,0.53,3102.28,41.6,34.92907801,13.1,15.5
2021,SD,SD21,12,68,2,1206,2MS14_3342-004,226,0.456,181,208,27,21.8,562.59,694.63,0.56,3819.93,45.9,84.54706927,13.1,15.2
2021,SD,SD21,12,68,3,1207,2MS14_3301-016,185,0.347,179,207,28,16.4,642.96,752.04,0.61,3461.49,43.8,88.78676471,11.4,14.7
2021,SD,SD21,12,68,4,1208,09MT-22,143,0.492,178,210,32,21.9,757.78,797.96,0.59,4245.51,44.3,90.11857708,9.7,14.9
2021,SD,SD21,12,69,1,1209,Odyssey,237,0.298,181,206,25,18.2,505.19,447.78,0.55,3004.72,45.6,94.34628975,12.5,14.5
2021,SD,SD21,12,69,2,1210,08WA-02,120,0.292,181,209,28,21.3,602.78,631.48,0.48,3387.78,45.5,85.60606061,14.6,15.8
2021,SD,SD21,12,69,3,1211,08WA-27,129,0.353,180,207,27,18.6,608.52,539.63,0.58,4161.35,46.3,84.28030303,13.4,14.7
2021,SD,SD21,12,69,4,1212,08N2-53,105,0.323,174,206,32,20.3,786.48,884.08,0.61,4120.08,44.8,91.69741697,11.3,13.7
2021,SD,SD21,12,70,1,1213,08WA-20,125,0.298,180,205,25,18.5,654.45,562.59,0.57,3595.37,46,77.39726027,12.9,14.4
2021,SD,SD21,12,70,2,1214,2MS14_3312-012,203,0.315,175,205,30,16,436.3,424.82,0.57,3054.82,47.2,86.35547576,13.4,13.9
2021,SD,SD21,12,70,3,1215,07AB-89,34,0.513,185,208,23,19.8,688.89,872.59,0.57,3263.56,45.8,88.33652008,14.1,14.9
2021,SD,SD21,12,70,4,1216,09N2-69,172,0.555,179,206,27,24.7,608.52,872.59,0.56,3806.66,42.7,91.98396794,11.2,13.8
2021,SD,SD21,12,71,1,1217,09N2-63,166,0.285,180,205,25,18.4,436.3,516.67,0.58,3159.91,44.6,91.6496945,11.1,14.4
2021,SD,SD21,12,71,2,1218,08AB-01,65,0.296,190,210,20,18.2,562.59,579.82,0.45,3361.79,44.5,84.45692884,14.4,15.5
2021,SD,SD21,12,71,3,1219,07N2-01,40,0.351,176,205,29,19.7,700.37,838.15,0.61,3793.09,45.3,92.0913884,13.2,13.7
2021,SD,SD21,12,71,4,1220,08WA-23,127,0.395,179,205,26,23.8,930,987.41,0.58,5203.24,45.5,76.49186257,11.7,14.4
2021,SD,SD21,12,72,1,1221,Hockett,234,0.155,181,207,26,19.2,591.3,597.04,0.57,3075.11,46.8,91.54135338,13,14.6
2021,SD,SD21,12,72,2,1222,07N2-21,46,0.227,183,208,25,14.7,476.48,482.22,0.51,3439.63,43.3,94.27480916,11.7,14.7
2021,SD,SD21,12,72,3,1223,07AB-81,31,0.42,181,206,25,24.5,746.3,981.67,0.59,4648.65,45.5,89.01734104,12.4,14.8
2022,BZ,BZ22,1,1,1,101,2MS14_3302-026,188,2.835,186,214,28,32.87401575,749.4231178,1300.998533,0.478341014,5201.67,56.2,93.8,11.62,
2022,BZ,BZ22,1,2,1,102,2MS14_3340-025,225,4.518,186,212,26,31.49606299,844.7016773,1184.74825,0.408775137,5457.61,51.8,74.7,12.75,
2022,BZ,BZ22,1,3,1,103,08AB-48,81,2.252,189,218,29,30.11811024,870.2192288,1577.272352,0.438068966,5628.07,51.2,69,12.07,
2022,BZ,BZ22,1,4,1,104,08N2-68,109,3.185,182,217,35,29.13385827,761.8122025,1189.77141,0.477589454,5293.16,51.6,81.8,12.44,
2022,BZ,BZ22,1,5,1,105,2MS14_3335-007,218,2.835,185,215,30,31.1023622,848.6519851,1417.248815,0.546107784,7092.39,54.5,86.3,10.87,
2022,BZ,BZ22,1,6,1,106,07AB-80,30,2.618,187,215,28,32.08661417,1030.50005,1819.819238,0.492289157,6319.18,54.5,91.8,12.12,
2022,BZ,BZ22,1,7,1,107,08AB-46,79,3.852,187,216,29,31.69291339,940.3804167,1478.961928,0.511676301,5624.11,54.9,89.3,12.95,
2022,BZ,BZ22,1,8,1,108,09N2-37,157,2.418,180,222,42,25.98425197,861.0497002,1496.901786,0.615929204,5441.4,55.1,90.3,11.95,
2022,BZ,BZ22,1,9,1,109,09N2-51,161,2.235,189,217,28,29.33070866,659.5205514,1217.757589,0.29516441,5903,53.6,86.7,13.11,
2022,BZ,BZ22,1,10,1,110,Lavina,235,2.302,185,210,25,29.52755906,1006.495438,1031.183062,0.424677716,6087.92,49.2,36.7,12.13,
2022,BZ,BZ22,1,11,1,111,09N2-38,158,3.518,182,217,35,29.13385827,801.3436293,1317.503202,0.543112701,6029.05,53.7,91.2,11.5,
2022,BZ,BZ22,1,12,1,112,Odyssey,237,2.352,187,218,31,24.40944882,1108.647843,1375.628344,0.570065789,6578.24,53.2,90.6,11.24,
2022,BZ,BZ22,1,12,2,113,2MS14_3336-002,219,3.335,182,213,31,26.77165354,857.6866291,1304.586504,0.495847751,6285.87,52.6,89.4,12.23,
2022,BZ,BZ22,1,11,2,114,09MT-37,145,3.518,182,217,35,27.75590551,1023.783761,1438.059051,0.517549669,6232.82,55.1,90.3,10.58,
2022,BZ,BZ22,1,10,2,115,2MS14_3346-002,233,3.185,187,216,29,29.33070866,754.223282,1300.280938,0.477030162,5502.3,53.2,83.2,12.53,
2022,BZ,BZ22,1,9,2,116,08AB-01,65,2.135,190,217,27,28.54330709,753.8536375,1425.142353,0.486901763,6084.18,49.2,77.5,12.38,
2022,BZ,BZ22,1,8,2,117,2MS14_3316-005,208,3.035,187,216,29,27.55905512,848.5975857,1482.5499,0.457239057,6285.36,54.8,91.4,12.27,
2022,BZ,BZ22,1,7,2,118,Hockett,234,2.835,186,213,27,31.88976378,944.4119753,1356.970891,0.479120879,5907.28,54.8,89.6,11.65,
2022,BZ,BZ22,1,6,2,119,Merit57,236,2.068,187,217,30,28.34645669,555.5188247,969.4699489,0.444731978,5473.17,52,74,12.03,
2022,BZ,BZ22,1,5,2,120,09N2-64,167,2.802,186,214,28,34.2519685,697.1861574,1404.332117,0.511489362,6701.06,54.3,94.4,11.19,
2022,BZ,BZ22,1,4,2,121,08N2-90,117,2.652,182,222,40,26.37795276,756.3832198,1184.030656,0.561670762,5505.02,53.9,96.1,11.71,
2022,BZ,BZ22,1,3,2,122,07N2-47,57,2.502,179,217,38,29.92125984,852.678793,1384.95707,0.551492537,6374.76,53.2,92.9,12.36,
2022,BZ,BZ22,1,2,2,123,09WA-39,183,2.552,184,218,34,28.93700787,784.4154868,1287.36424,0.526164875,5650.16,55.3,90.2,13.44,
2022,BZ,BZ22,1,1,2,124,08N2-47,100,2.568,179,212,33,24.21259843,991.7648626,1198.382542,0.521724138,4721.54,51.9,80.6,11.73,
2022,BZ,BZ22,2,13,1,201,07AB-91,35,2.618,187,213,26,28.1496063,1463.73531,1336.878249,0.490145985,6965.88,54.1,79.3,11.88,
2022,BZ,BZ22,2,14,1,202,2MS14_3342-018,230,2.685,186,213,27,28.34645669,1337.43337,1288.799429,0.63509434,4889.5,54.1,83.3,12.41,
2022,BZ,BZ22,2,15,1,203,2MS14_3340-022,224,3.352,186,212,26,33.66141732,712.0697103,1137.387024,0.454483926,5769.45,55,95.2,11.99,
2022,BZ,BZ22,2,16,1,204,09N2-39,159,2.452,180,217,37,27.55905512,986.4231151,1127.340703,0.554,5365.8,56.1,90.8,11.14,
2022,BZ,BZ22,2,17,1,205,09N2-48,160,2.235,180,217,37,25,876.7892232,1133.081458,0.519047619,5567.3,54.8,91.7,11.57,
2022,BZ,BZ22,2,18,1,206,08AB-24,76,2.785,187,217,30,29.92125984,855.3189641,1377.063532,0.548571429,5166.67,53,89.3,12.46,
2022,BZ,BZ22,2,19,1,207,06WA-38,21,3.002,187,216,29,27.36220472,1049.230224,1283.058674,1.188317757,5383.8,55.4,89.2,12.63,
2022,BZ,BZ22,2,20,1,208,2MS14_3317-016,212,3.652,185,220,35,28.54330709,1148.350826,1649.031786,0.624791086,5717.68,56,93.7,11.38,
2022,BZ,BZ22,2,21,1,209,Hockett,234,3.118,183,210,27,29.92125984,1187.762146,1484.702683,0.4715,5845.53,54.7,89.9,11.92,
2022,BZ,BZ22,2,22,1,210,09MT-93,151,3.552,182,211,29,27.75590551,1279.225974,1475.373956,0.999229287,5109.92,54.6,88.2,10.75,
2022,BZ,BZ22,2,23,1,211,Lavina,235,2.668,185,210,25,29.52755906,1091.750542,1166.808392,1.761988304,5864.04,50.5,54.3,11.99,
2022,BZ,BZ22,2,24,1,212,07AB-51,25,2.885,186,215,29,29.52755906,807.2936288,1130.21108,0.482380952,5551.15,53.6,88.7,11.87,
2022,BZ,BZ22,2,24,2,213,2MS14_3336-016,220,3.235,181,214,33,23.81889764,901.2856728,1121.599948,0.568303571,5065.72,54.5,90.3,11.85,
2022,BZ,BZ22,2,23,2,214,2MS14_3310-012,199,2.852,183,212,29,28.1496063,918.6376707,1252.919712,0.545010183,5356.94,51.9,91.6,12.85,
2022,BZ,BZ22,2,22,2,215,08N2-93,118,3.668,181,218,37,27.75590551,859.4120949,1371.322778,0.556675749,5637.65,53.7,96.4,11.41,
2022,BZ,BZ22,2,21,2,216,09AB-51,139,2.435,189,218,29,28.93700787,1080.279947,1370.605183,0.485385878,5421.3,53.2,85.1,12.9,
2022,BZ,BZ22,2,20,2,217,Merit57,236,2.768,187,215,28,28.34645669,1180.584581,1492.59622,0.433050847,5101.72,51.3,70.8,11.82,
2022,BZ,BZ22,2,19,2,218,2MS14_3310-019,202,2.435,184,215,31,33.66141732,666.9924757,1044.09976,0.384766585,5191.53,54.5,92.1,12.8,
2022,BZ,BZ22,2,18,2,219,07AB-84,32,2.435,189,213,24,30.11811024,958.577705,1346.92457,0.402554745,5325.43,54.3,94.9,13.29,
2022,BZ,BZ22,2,17,2,220,Odyssey,237,2.485,189,218,29,23.81889764,1269.44956,1346.206976,0.501315789,5996.81,52.3,89,11.33,
2022,BZ,BZ22,2,16,2,221,07N2-45,55,3.785,181,216,35,25.78740157,957.6578894,1242.873391,0.50519263,5239.33,53.4,87.9,11.23,
2022,BZ,BZ22,2,15,2,222,09N2-68,171,3.235,182,217,35,29.92125984,844.777013,1184.74825,0.435826087,4937.2,52.9,95.8,12.17,
2022,BZ,BZ22,2,14,2,223,09N2-96,180,2.618,186,213,27,28.74015748,782.7919053,970.1875433,0.505134474,5474.32,51.1,78.3,11.77,
2022,BZ,BZ22,2,13,2,224,08N2-54,106,3.502,180,214,34,24.01574803,865.8294048,955.1180622,0.514447592,4340.7,52.1,83.3,12.01,
2022,BZ,BZ22,3,1,3,301,08N2-71,112,3.185,180,218,38,27.36220472,799.3724323,1008.937637,0.560171306,5492.66,54.1,93.3,11.59,
2022,BZ,BZ22,3,2,3,302,06N2-47,11,3.402,182,219,37,25.39370079,1063.334247,1213.452023,0.542268041,5593.95,54.9,85.1,12.45,
2022,BZ,BZ22,3,3,3,303,09WA-30,182,2.785,189,216,27,25.98425197,773.9538757,1059.886835,0.404868154,5213.59,51.5,88.4,12.9,
2022,BZ,BZ22,3,4,3,304,2MS14_3317-025,214,2.835,184,213,29,31.49606299,1033.841841,1290.234617,0.486538462,5847.96,55.1,84.2,12.6,
2022,BZ,BZ22,3,5,3,305,09MT-75,147,2.652,187,217,30,31.69291339,1047.790983,1693.522635,0.494388489,6149.54,54.5,85.9,11.43,
2022,BZ,BZ22,3,6,3,306,2MS14_3306-017,193,3.452,185,213,28,30.11811024,874.898569,1459.586881,0.451169591,5161.83,52.8,89.3,12.5,
2022,BZ,BZ22,3,7,3,307,2MS14_3324-018,216,3.418,185,214,29,28.1496063,767.2806559,970.9051376,0.524620061,5322.48,54.4,85.6,11.93,
2022,BZ,BZ22,3,8,3,308,09N2-61,164,3.835,186,211,25,33.07086614,775.9724006,1262.248438,0.417213115,5585.94,51.5,89.7,11.89,
2022,BZ,BZ22,3,9,3,309,Merit57,236,2.702,187,217,30,28.93700787,761.3248937,1201.970514,0.442610365,5866.45,52.1,74.5,12.72,
2022,BZ,BZ22,3,10,3,310,Odyssey,237,3.118,189,220,31,24.40944882,858.5355925,1138.822212,0.475831486,5752.99,51.8,85.1,11.55,
2022,BZ,BZ22,3,11,3,311,09AB-27,137,3.235,187,215,28,30.90551181,948.181317,1422.271975,0.473333333,5044.22,52.8,84.5,13.69,
2022,BZ,BZ22,3,12,3,312,2MS14_3340-013,223,2.635,187,216,29,31.88976378,745.6974333,1247.178957,0.467264574,5993.39,54.6,92,12.02,
2022,BZ,BZ22,3,12,4,313,06N2-14,5,2.768,182,213,31,28.54330709,762.4026467,1102.942496,0.4,5743.59,52.2,89.5,12.94,
2022,BZ,BZ22,3,11,4,314,08N2-70,111,2.418,182,216,34,26.96850394,880.2187268,1234.262259,0.489064976,5052.19,53.4,87.2,11.77,
2022,BZ,BZ22,3,10,4,315,08N2-69,110,2.785,181,215,34,27.55905512,694.732286,1063.474807,0.466331658,4547.88,52.6,88.6,12.03,
2022,BZ,BZ22,3,9,4,316,09MT-34,144,2.852,182,216,34,27.75590551,1235.224886,1350.512542,0.531707317,5879.28,52.8,91.1,11.01,
2022,BZ,BZ22,3,8,4,317,06N2-67,18,2.585,185,214,29,28.1496063,591.204424,830.2566476,0.47244582,4944.37,51.3,74.5,12.39,
2022,BZ,BZ22,3,7,4,318,07AB-59,28,2.685,187,215,28,27.95275591,709.4942189,1208.428863,0.461363636,5763.63,53.7,89,12.24,
2022,BZ,BZ22,3,6,4,319,08N2-78,114,3.085,179,215,36,24.40944882,1074.433383,1262.966033,0.514606742,4472.77,53.7,88.4,12.13,
2022,BZ,BZ22,3,5,4,320,08WA-11,122,3.918,187,216,29,27.55905512,1176.742588,1506.230513,0.49,6399.22,51.8,75.1,12.01,
2022,BZ,BZ22,3,4,4,321,07BA-94,38,3.002,189,214,25,27.95275591,803.4179,1001.761694,0.367418546,5057.12,53,76.3,12.6,
2022,BZ,BZ22,3,3,4,322,Lavina,235,3.318,185,212,27,33.07086614,1209.683344,1250.766929,0.371532847,6054.79,49,36.8,12.11,
2022,BZ,BZ22,3,2,4,323,09AB-29,138,3.002,187,215,28,27.75590551,787.143689,1217.757589,0.510646388,5720.62,51.7,79.5,12.76,
2022,BZ,BZ22,3,1,4,324,Hockett,234,3.018,185,212,27,30.51181102,1060.388516,1562.920465,0.468436578,5656.62,53.3,85.6,11.95,
2022,BZ,BZ22,4,13,3,401,08AB-17,73,3.218,189,217,28,29.52755906,749.8860819,1199.817731,0.430416667,5224.76,51.9,82,12.97,
2022,BZ,BZ22,4,14,3,402,2MS14_3317-014,211,2.785,187,220,33,28.93700787,933.7889505,1480.397117,0.514769231,5178.57,55.7,90.6,11.56,
2022,BZ,BZ22,4,15,3,403,06AB-08,1,2.268,186,216,30,27.55905512,904.945209,1439.49424,0.342982456,5330.88,52.8,79.6,12.15,
2022,BZ,BZ22,4,16,3,404,08N2-82,116,2.868,179,220,41,25.98425197,772.1343882,1098.63693,0.545381526,5181.66,54.9,97.5,12.34,
2022,BZ,BZ22,4,17,3,405,08AB-31,77,2.552,189,214,25,27.95275591,758.1436932,1330.4199,0.420220588,5624.65,54.9,94.4,13,
2022,BZ,BZ22,4,18,3,406,09N2-93,179,3.918,179,216,37,26.18110236,736.7940374,1157.479665,0.426283368,5476.78,54.8,93.6,12.3,
2022,BZ,BZ22,4,19,3,407,Lavina,235,3.202,185,211,26,30.70866142,1234.625598,1219.192778,0.426039783,5218.49,48.3,33.3,12.01,
2022,BZ,BZ22,4,20,3,408,2MS14_3310-017,200,2.635,185,215,30,33.46456693,707.4396999,1363.42924,0.533962264,5381.44,51.4,92.1,12.32,
2022,BZ,BZ22,4,21,3,409,2MS14_3312-012,203,2.952,183,217,34,27.36220472,673.6888938,1024.007119,0.533082707,5337.62,54.1,86.8,11.75,
2022,BZ,BZ22,4,22,3,410,2MS14_3316-020,209,2.435,185,217,32,26.18110236,647.3418512,1252.919712,0.421,5963.33,54.2,88.8,13.04,
2022,BZ,BZ22,4,23,3,411,07N2-01,40,2.918,181,211,30,25,1137.659429,1344.771787,0.313665944,4234.23,53.3,92.3,13.08,
2022,BZ,BZ22,4,24,3,412,08WA-46,132,2.952,185,212,27,29.72440945,796.253716,1242.155797,0.521794872,5857.38,51.4,86.9,12.01,
2022,BZ,BZ22,4,24,4,413,07AB-81,31,3.635,187,212,25,28.74015748,951.9804776,1098.63693,0.540046838,5335.48,52.5,85.7,11.81,
2022,BZ,BZ22,4,23,4,414,Odyssey,237,2.985,191,218,27,26.18110236,942.33311,1378.498721,0.52265625,6663.13,53.5,91.5,11.05,
2022,BZ,BZ22,4,22,4,415,08AB-47,80,2.968,189,218,29,26.57480315,788.521777,1280.188297,0.530072464,5839.37,51.3,86.2,11.44,
2022,BZ,BZ22,4,21,4,416,2MS14_3310-018,201,2.968,185,213,28,25.19685039,816.4115529,1067.780373,0.409657948,4523.54,49.4,70.9,11.46,
2022,BZ,BZ22,4,20,4,417,Merit57,236,2.502,187,215,28,27.55905512,882.9442431,1119.447165,0.353802817,4885.03,51.3,68,11.85,
2022,BZ,BZ22,4,19,4,418,2MS14_3305-002,190,1.968,189,214,25,29.33070866,748.3555485,1189.053816,0.551515152,4437.56,53.5,88.3,12.5,
2022,BZ,BZ22,4,18,4,419,08MT-11,83,2.918,189,215,26,24.80314961,829.3363615,1300.280938,0.518451025,6018.65,55.5,95.9,12.68,
2022,BZ,BZ22,4,17,4,420,07N2-56,58,3.135,177,215,38,24.40944882,1116.837731,1228.521505,0.621678322,4619.13,55.6,92.2,13.27,
2022,BZ,BZ22,4,16,4,421,2MS14_3315-015,207,2.735,188,216,28,31.2992126,1007.059754,1412.225655,0.530016584,5426,52.2,67.5,11.37,
2022,BZ,BZ22,4,15,4,422,Hockett,234,2.968,187,212,25,29.52755906,959.8245377,1105.095279,0.445070423,4584.12,52.7,76.1,12.11,
2022,BZ,BZ22,4,14,4,423,06N2-54,15,2.885,178,215,37,24.01574803,825.5349975,982.386647,0.509663866,4435,53.3,90.1,11.82,
2022,BZ,BZ22,4,13,4,424,07AB-93,37,2.702,187,211,24,30.90551181,709.2325383,1339.031032,0.333898305,5812.1,54.7,88.4,13.54,
2022,BZ,BZ22,5,1,5,501,08N2-66,108,3.452,189,217,28,31.1023622,883.40084,1251.484523,0.46,5323.5,53.8,85.8,12.79,
2022,BZ,BZ22,5,2,5,502,07N2-25,48,3.552,181,216,35,29.52755906,942.4898815,1371.322778,0.514776632,,55.4,94.1,13.03,
2022,BZ,BZ22,5,3,5,503,Lavina,235,2.485,184,212,28,34.64566929,1030.608986,958.7060339,0.4665,5657.82,49.7,34.5,12.31,
2022,BZ,BZ22,5,4,5,504,2MS14_3317-018,213,3.252,184,217,33,32.48031496,616.5239344,890.5345719,0.498974359,6132.09,55.2,85.1,11.55,
2022,BZ,BZ22,5,5,5,505,Merit57,236,2.868,187,216,29,30.90551181,1082.358869,1468.915607,0.365964912,5799.19,51.1,69.9,12.39,
2022,BZ,BZ22,5,6,5,506,08AB-05,67,2.718,190,220,30,30.90551181,748.2866246,1242.155797,0.350843373,4048.02,52.7,71.3,13.37,
2022,BZ,BZ22,5,7,5,507,Odyssey,237,2.835,191,219,28,23.03149606,815.7350394,1092.178581,0.483540802,5051.01,52.7,85.8,11.48,
2022,BZ,BZ22,5,8,5,508,07WA-45,64,2.968,187,213,26,27.75590551,754.7256716,1201.970514,0.426976744,5829.4,51.1,80.3,12.93,
2022,BZ,BZ22,5,9,5,509,Hockett,234,3.868,185,212,27,29.52755906,745.3991106,1041.229383,0.484563758,5154.26,53.1,78.7,12.17,
2022,BZ,BZ22,5,10,5,510,09MT-62,146,3.168,189,217,28,31.69291339,714.456469,1049.12292,0.441935484,5552.5,53.4,85.2,11.01,
2022,BZ,BZ22,5,11,5,511,2MS14_3309-029,197,3.368,189,217,28,27.75590551,944.1723133,1346.206976,0.431221719,5301.29,53.9,81.7,12.52,
2022,BZ,BZ22,5,12,5,512,09N2-63,166,3.385,184,214,30,29.13385827,843.4995249,1237.132637,0.360454545,5572.26,53.9,89.9,10.85,
2022,BZ,BZ22,5,12,6,513,09N2-16,152,3.952,185,214,29,31.88976378,708.6500359,1017.54877,0.535,5099.01,55.4,83.2,12.47,
2022,BZ,BZ22,5,11,6,514,06N2-02,4,3.335,179,219,40,21.45669291,742.3763737,1029.747873,0.429302326,3911.21,54.2,84,13.55,
2022,BZ,BZ22,5,10,6,515,08N2-36,98,3.268,181,216,35,25.39370079,829.0751539,1079.979477,0.572929293,5170.87,54.1,83.3,11.73,
2022,BZ,BZ22,5,9,6,516,07N2-28,49,2.718,182,217,35,22.63779528,888.7918428,914.9327794,0.470285714,4950.36,55.1,93.1,13.48,
2022,BZ,BZ22,5,8,6,517,07WA-17,63,2.402,185,216,31,23.81889764,822.2326382,1278.035514,0.488951049,5788.84,56.2,92.8,13.54,
2022,BZ,BZ22,5,7,6,518,09N2-69,172,3.435,184,217,33,32.08661417,1095.112392,1738.731078,0.476906077,5992.62,53.6,92.4,11.59,
2022,BZ,BZ22,5,6,6,519,08MT-73,88,2.218,189,216,27,29.13385827,650.0649328,1187.618627,0.462315789,4952.05,54.5,78.9,12.8,
2022,BZ,BZ22,5,5,6,520,08WA-20,125,2.368,186,216,30,26.18110236,1001.921546,1217.039995,0.492978208,6657.89,53.2,76.5,12.48,
2022,BZ,BZ22,5,4,6,521,2MS14_3345-013,232,3.218,182,216,34,25.98425197,686.0255915,984.53943,0.537853107,5537.75,54.7,78.9,12.25,
2022,BZ,BZ22,5,3,6,522,08WA-23,127,3.435,187,214,27,28.1496063,901.3018402,1168.961175,0.384579439,5775.64,51.7,73.8,11.83,
2022,BZ,BZ22,5,2,6,523,07WA-12,62,3.035,187,215,28,30.31496063,968.3531074,1407.202494,0.438653001,6136.42,54.2,87.2,13.23,
2022,BZ,BZ22,6,13,5,601,2MS14_3340-004,222,3.218,187,214,27,33.07086614,556.1650689,1058.451647,0.452545156,5445.97,54,88.8,13.03,
2022,BZ,BZ22,6,14,5,602,07N2-46,56,3.202,180,216,36,26.37795276,605.4863353,919.2383454,0.438922156,4634.66,53.5,82.6,11.83,
2022,BZ,BZ22,6,15,5,603,Merit57,236,2.352,187,216,29,28.93700787,1058.823412,1292.3874,0.331566265,4845.5,48.6,66.4,11.68,
2022,BZ,BZ22,6,16,5,604,2MS14_3315-005,206,2.768,187,214,27,28.54330709,612.7151645,990.2801847,0.42909699,4405.09,51.4,70.3,12.98,
2022,BZ,BZ22,6,17,5,605,09MT-22,143,3.052,183,213,30,26.37795276,1278.9864,1322.526363,0.453909465,4956.09,51.8,80.9,10.71,
2022,BZ,BZ22,6,18,5,606,08N2-64,107,3.235,183,218,35,28.34645669,656.6863296,1057.734052,0.498004435,4932.83,54.9,93.5,11.63,
2022,BZ,BZ22,6,19,5,607,2MS14_3301-001,184,2.502,192,220,28,24.80314961,1106.063599,1092.896175,0.62313253,5443.15,53.1,94.8,11.18,
2022,BZ,BZ22,6,20,5,608,09N2-83,174,3.235,182,218,36,29.13385827,800.0505723,1293.104995,0.307338129,5623.7,55.4,85.5,11.92,
2022,BZ,BZ22,6,21,5,609,08WA-02,120,3.485,187,218,31,27.36220472,768.0636975,1108.68325,0.863253012,5203.73,53.7,87.6,13.06,
2022,BZ,BZ22,6,22,5,610,2MS14_3308-020,195,4.018,185,212,27,31.69291339,666.9756491,1148.150939,0.262655602,5390.88,54.6,87.8,12.11,
2022,BZ,BZ22,6,23,5,611,08WA-32,130,2.302,190,210,20,26.37795276,864.9122329,980.233864,0.595882353,4481.65,52.9,81.1,12.59,
2022,BZ,BZ22,6,24,5,612,07N2-43,54,4.535,177,206,29,26.18110236,839.0286198,1474.656362,0.27,4144.82,51.9,84.5,13.13,
2022,BZ,BZ22,6,24,6,613,08AB-13,71,3.668,188,216,28,31.88976378,761.6290774,1237.132637,0.495174709,4297.08,52.9,68.6,12.46,
2022,BZ,BZ22,6,23,6,614,09N2-90,177,2.268,187,216,29,25.39370079,597.4373495,1003.196883,0.654094293,5490.23,51.8,85.6,12.15,
2022,BZ,BZ22,6,22,6,615,08N2-34,97,3.385,180,217,37,27.95275591,872.443641,1105.095279,0.444298246,5556.89,53.9,91,11.62,
2022,BZ,BZ22,6,21,6,616,Odyssey,237,3.202,189,219,30,25.59055118,862.5962324,995.3033451,0.812,6503.41,53.7,90.4,11.11,
2022,BZ,BZ22,6,20,6,617,Hockett,234,3.335,185,210,25,27.55905512,660.7387854,1145.280561,0.239615385,5050.61,54,83.9,11.6,
2022,BZ,BZ22,6,19,6,618,06N2-53,14,2.252,178,216,38,26.57480315,760.649997,1064.909996,0.538888889,4724.17,54.5,94.4,11.83,
2022,BZ,BZ22,6,18,6,619,08N2-52,104,3.652,179,213,34,24.80314961,839.8254613,1026.877496,0.566171004,4430.74,54.4,80.5,11.65,
2022,BZ,BZ22,6,17,6,620,08N2-48,101,3.368,180,212,32,24.40944882,870.1138873,823.0807042,0.616,4747.51,50,77.4,11.73,
2022,BZ,BZ22,6,16,6,621,Lavina,235,1.818,185,210,25,30.31496063,815.2219891,1022.57193,0.439514731,6181.66,49.8,44.4,12.27,
2022,BZ,BZ22,6,15,6,622,07N2-36,51,4.552,176,206,30,23.42519685,825.541366,862.5483928,0.457425743,2969.26,53.3,82.5,15.19,
2022,BZ,BZ22,6,14,6,623,2MS14_3314-015,205,1.902,185,217,32,27.16535433,755.1826115,1110.118439,0.504761905,5884.87,54.1,90,13.12,
2022,BZ,BZ22,7,1,7,701,08AB-22,74,2.752,187,217,30,32.67716535,724.888695,1372.757966,0.342574257,6576.55,55.9,91.9,13.19,
2022,BZ,BZ22,7,2,7,702,Hockett,234,3.118,185,212,27,31.1023622,641.9565211,910.6272133,0.21305483,4493.32,52.8,77.2,11.91,
2022,BZ,BZ22,7,3,7,703,Odyssey,237,2.885,190,217,27,24.60629921,1090.619669,1176.854712,0.503448276,5567.42,52.7,83.3,11.2,
2022,BZ,BZ22,7,4,7,704,09N2-29,155,3.252,182,217,35,28.54330709,934.4114615,1123.752731,0.513347921,5860.36,53.6,84.6,11.35,
2022,BZ,BZ22,7,5,7,705,07N2-68,60,3.285,182,220,38,26.57480315,1014.700934,1211.29924,0.506806283,5531.78,54,85.9,11.61,
2022,BZ,BZ22,7,6,7,706,2MS14_3307-008,194,2.352,187,210,23,27.16535433,414.6903117,751.3212706,0.333116883,4375.16,53.3,76.6,13.24,
2022,BZ,BZ22,7,7,7,707,06AB-32,2,2.068,187,217,30,27.36220472,886.8960456,1192.641788,0.502152642,5741.83,55.4,86.4,13.14,
2022,BZ,BZ22,7,8,7,708,08WA-24,128,2.468,189,217,28,29.72440945,852.8705664,1262.248438,0.343693694,5941.67,54.2,86.3,12.5,
2022,BZ,BZ22,7,9,7,709,09N2-62,165,3.152,181,221,40,31.2992126,873.8091039,1135.951835,0.464957265,5998.05,54.2,95.9,11.45,
2022,BZ,BZ22,7,10,7,710,08N2-18,91,3.352,181,215,34,27.16535433,804.9870756,1252.202118,0.456190476,5163.32,52.9,90.3,13.26,
2022,BZ,BZ22,7,11,7,711,07N2-41,53,3.302,177,206,29,29.52755906,702.5366195,1071.368345,0.485245902,4667.23,53.3,83.3,13.96,
2022,BZ,BZ22,7,12,7,712,08N2-27,96,3.435,182,221,39,25.98425197,618.7108455,1100.789713,0.535362998,5921.66,53.4,94.4,10.9,
2022,BZ,BZ22,7,12,8,713,2MS14_3337-013,221,2.952,184,220,36,25.78740157,959.6580001,1811.9257,0.409331652,6716.43,53.1,90.8,12.29,
2022,BZ,BZ22,7,11,8,714,07N2-29,50,3.035,181,219,38,22.44094488,878.1707744,1071.368345,0.554508197,4560.93,54.6,95,12.96,
2022,BZ,BZ22,7,10,8,715,08N2-49,102,3.002,180,218,38,26.37795276,885.3017772,1313.197636,0.463670412,5218.55,53.8,90.3,11.72,
2022,BZ,BZ22,7,9,8,716,Lavina,235,2.335,186,212,26,30.11811024,1035.028632,984.53943,0.447692308,5553.28,47.2,25.8,12.77,
2022,BZ,BZ22,7,8,8,717,07N2-83,61,3.652,182,220,38,26.77165354,744.0504249,1105.812873,0.435266821,4564.88,55.5,93.1,12.7,
2022,BZ,BZ22,7,7,8,718,08MT-36,86,2.418,187,215,28,27.75590551,847.6583103,1123.752731,0.369827586,5313.26,51.3,72,12.43,
2022,BZ,BZ22,7,6,8,719,08MT-03,82,2.752,184,212,28,29.13385827,633.2770022,1266.554004,0.5225,5859.37,55,91.7,12.73,
2022,BZ,BZ22,7,5,8,720,08N2-22,94,3.168,181,217,36,27.36220472,943.2101942,1121.599948,0.53857404,5924.04,54.4,82.3,10.84,
2022,BZ,BZ22,7,4,8,721,08WA-34,131,2.002,186,216,30,33.46456693,746.7466067,1194.794571,0.474166667,7029.08,52.8,88.8,12.49,
2022,BZ,BZ22,7,3,8,722,Merit57,236,3.202,186,216,30,30.70866142,560.7876959,1134.516646,0.366159696,5393.9,50.7,66.9,12.32,
2022,BZ,BZ22,7,2,8,723,08WA-15,123,2.752,179,219,40,26.96850394,515.0079452,890.5345719,0.382168675,5770.76,53.8,87.7,11.44,
2022,BZ,BZ22,8,13,7,801,Hockett,234,2.902,185,211,26,29.13385827,1166.363993,1148.868533,0.354314721,5073.74,52.5,78,12.18,
2022,BZ,BZ22,8,14,7,802,2MS14_3342-022,231,2.285,183,217,34,29.52755906,714.5683365,1248.614146,0.49186747,5493.69,53.8,91.6,12.37,
2022,BZ,BZ22,8,15,7,803,2MS14_3318-006,215,2.185,187,217,30,28.93700787,776.0200919,1044.09976,0.467567568,6012.24,54.6,91.9,12.43,
2022,BZ,BZ22,8,16,7,804,08N2-20,92,3.002,180,217,37,24.01574803,806.0272859,913.4975907,0.476960784,5359.35,53.1,94.3,11.04,
2022,BZ,BZ22,8,17,7,805,06N2-56,16,2.452,181,219,38,25.39370079,822.602308,1039.0766,0.565833333,5400.29,53.8,90.1,11.77,
2022,BZ,BZ22,8,18,7,806,08AB-08,69,2.202,185,217,32,27.95275591,861.5127926,1160.350043,0.46774942,4299.19,48.9,65.8,11.82,
2022,BZ,BZ22,8,19,7,807,08MT-79,89,2.952,187,217,30,26.57480315,1139.637108,1344.771787,0.465254237,5474.72,54.5,85.8,11.64,
2022,BZ,BZ22,8,20,7,808,07N2-16,42,2.752,182,219,37,25.59055118,790.8384484,1079.261882,0.490517241,5189.82,54.2,85.6,12.32,
2022,BZ,BZ22,8,21,7,809,Lavina,235,3.202,185,211,26,30.90551181,982.9260308,1120.16476,0.428145695,5630.14,50.9,40.7,12.06,
2022,BZ,BZ22,8,22,7,810,06N2-23,7,3.018,180,221,41,31.49606299,936.2792679,1265.118816,0.524548736,6479.93,56.7,97.8,11.37,
2022,BZ,BZ22,8,23,7,811,Odyssey,237,2.352,190,219,29,25,1203.023183,1354.100513,0.515702479,5862.26,53.4,88.7,10.55,
2022,BZ,BZ22,8,24,7,812,Merit57,236,2.435,187,216,29,28.34645669,932.9493858,1453.846126,0.477005348,5118.89,52.3,75.4,11.44,
2022,BZ,BZ22,8,24,8,813,2MS14_3317-006,210,2.835,185,217,32,27.95275591,703.4655363,1018.266364,,5669.23,56.9,92.3,11.03,
2022,BZ,BZ22,8,23,8,814,09N2-66,169,2.268,189,215,26,31.69291339,368.3650929,1073.521128,,5576.68,54.4,96.9,12.86,
2022,BZ,BZ22,8,22,8,815,2MS14_3301-021,186,4.002,182,220,38,19.48818898,855.1054376,919.2383454,0.577101968,4764,55.9,85.8,11.12,
2022,BZ,BZ22,8,21,8,816,09N2-67,170,2.568,189,214,25,33.07086614,684.37612,1041.229383,0.435680751,6059.1,53.3,93,12.43,
2022,BZ,BZ22,8,20,8,817,08WA-04,121,3.602,187,215,28,26.77165354,854.6920303,1209.864052,0.473469388,6400.2,54.5,87,11.79,
2022,BZ,BZ22,8,19,8,818,08AB-09,70,1.968,187,217,30,28.1496063,687.4417386,933.5902321,0.50023753,4691.82,52.5,66.9,11.56,
2022,BZ,BZ22,8,18,8,819,09N2-65,168,2.718,187,215,28,31.1023622,611.4048718,864.7011758,0.428282828,5346.72,53.5,84.9,11.39,
2022,BZ,BZ22,8,17,8,820,08WA-58,135,2.668,187,214,27,29.33070866,740.0604578,1255.790089,0.374953959,5149.14,53.1,85,13.18,
2022,BZ,BZ22,8,16,8,821,06MT-93,3,2.518,186,215,29,29.92125984,758.0426984,1447.387777,0.388870704,6219.65,54.8,93.9,12.55,
2022,BZ,BZ22,8,15,8,822,09N2-58,162,3.468,182,215,33,27.75590551,776.8632205,1138.104618,0.412286689,5841.5,53.2,91.8,12.34,
2022,BZ,BZ22,8,14,8,823,07AB-89,34,1.985,190,217,27,23.81889764,924.5325583,1123.035137,0.524455206,5840.64,54.9,91.8,13.21,
2022,BZ,BZ22,9,1,9,901,Hockett,234,2.418,184,212,28,30.51181102,660.745229,1061.322024,0.248249027,4571.96,53.3,78.7,11.88,
2022,BZ,BZ22,9,2,9,902,07N2-64,59,2.368,178,216,38,28.54330709,879.115462,1064.192401,0.58173913,6026.73,52.4,88.6,10.87,
2022,BZ,BZ22,9,3,9,903,Lavina,235,2.568,185,211,26,29.13385827,694.2499752,1208.428863,0.297307002,5748.96,47.2,27,12.12,
2022,BZ,BZ22,9,4,9,904,Odyssey,237,2.152,190,221,31,23.03149606,1246.099947,1138.104618,0.539172749,5870.68,51.1,85.5,11.26,
2022,BZ,BZ22,9,5,9,905,08AB-23,75,3.152,189,215,26,24.01574803,1278.017329,1260.81325,0.198050682,5538.77,53.7,83.8,12.28,
2022,BZ,BZ22,9,6,9,906,06N2-64,17,2.218,182,209,27,17.51968504,475.1629259,1087.873015,0.348505747,3592.72,51.7,63.3,13.14,
2022,BZ,BZ22,9,7,9,907,08N2-53,105,2.852,178,213,35,21.25984252,976.4598493,958.7060339,0.603703704,3666.31,52.4,81.4,12.22,
2022,BZ,BZ22,9,8,9,908,06N2-31,9,2.302,182,217,35,23.03149606,837.3817378,886.2290059,0.47664042,5232.76,54.1,86.6,12,
2022,BZ,BZ22,9,9,9,909,08N2-17,90,2.102,187,217,30,28.1496063,690.0075733,1083.567448,0.418867925,4851.65,52.3,90.3,12.21,
2022,BZ,BZ22,9,10,9,910,08MT-28,84,3.202,189,216,27,27.75590551,521.6734851,957.2708452,0.603814714,4946.46,51.6,83.9,12.46,
2022,BZ,BZ22,9,11,9,911,2MS14_3312-020,204,2.402,185,216,31,28.74015748,797.5328026,975.928298,0.390537634,4524.09,50,71.7,11.55,
2022,BZ,BZ22,9,12,9,912,09AB-25,136,2.702,191,216,25,29.92125984,663.9198277,985.2570244,0.459838275,5403.21,52.8,79.4,12.18,
2022,BZ,BZ22,9,12,10,913,09N2-84,175,2.102,183,218,35,24.80314961,799.9741666,1333.290278,0.525777778,4976.98,53.3,91.3,11.51,
2022,BZ,BZ22,9,11,10,914,09AB-54,140,2.002,190,217,27,28.74015748,769.9475236,983.8218357,0.364347826,5795.23,54.2,71.1,12.36,
2022,BZ,BZ22,9,10,10,915,09MT-76,148,2.052,189,222,33,29.52755906,933.2869532,1154.609288,0.456351039,6008.14,53.7,86.4,10.98,
2022,BZ,BZ22,9,9,10,916,06N2-79,19,3.202,184,217,33,26.57480315,622.8027186,1123.752731,0.546024096,5038.5,53,95.2,13.24,
2022,BZ,BZ22,9,8,10,917,2MS14_3328-025,217,1.935,179,213,34,26.37795276,700.7388039,1240.003014,0.320884521,4327.03,51.8,85.6,13.22,
2022,BZ,BZ22,9,7,10,918,Merit57,236,1.968,187,215,28,28.93700787,580.9967825,947.9421188,0.411612903,4854.14,49.5,68.2,12.11,
2022,BZ,BZ22,9,6,10,919,06N2-49,12,2.502,180,215,35,24.60629921,671.0448499,920.673534,0.427405248,4398.52,50.5,80.5,12.66,
2022,BZ,BZ22,9,5,10,920,07AB-63,29,2.202,186,212,26,27.16535433,788.094833,898.4281096,0.697660819,6206.07,54,88.5,13,
2022,BZ,BZ22,9,4,10,921,08N2-77,113,2.702,182,214,32,24.21259843,620.4637775,1183.313061,0.542322097,4148.11,52,72.6,11.9,
2022,BZ,BZ22,9,3,10,922,08WA-53,134,2.768,183,214,31,24.21259843,854.8484916,1133.799052,0.386111111,5177.63,53.7,81.4,12.36,
2022,BZ,BZ22,9,2,10,923,08N2-79,115,2.202,182,218,36,27.95275591,817.8317275,1140.974995,0.406643357,5403.73,52.8,86.9,11.5,
2022,BZ,BZ22,10,13,9,1001,08N2-23,95,2.735,187,220,33,25.19685039,928.3629853,1190.489005,0.567889908,5388.18,55,85.4,10.5,
2022,BZ,BZ22,10,14,9,1002,Odyssey,237,2.935,190,218,28,23.03149606,1049.738001,1102.224901,0.468095238,5978.46,52.7,90.9,10.84,
2022,BZ,BZ22,10,15,9,1003,08WA-21,126,2.735,187,214,27,29.33070866,738.904714,1219.192778,0.48219697,5612.17,56.3,84.5,12.23,
2022,BZ,BZ22,10,16,9,1004,09N2-18,153,4.818,180,213,33,22.63779528,806.2575301,1039.794194,0.605882353,4726.27,48,89.7,11.38,
2022,BZ,BZ22,10,17,9,1005,08AB-34,78,3.218,189,217,28,26.77165354,926.4734718,1089.308203,0.372680412,5466.8,52.6,89.5,12.55,
2022,BZ,BZ22,10,18,9,1006,07N2-14,41,2.802,181,214,33,21.8503937,870.6594817,938.6133925,0.51719457,3672.41,53.6,80.6,12.54,
2022,BZ,BZ22,10,19,9,1007,07N2-17,43,3.352,182,215,33,23.42519685,810.0220501,1088.590609,0.494736842,5306.19,54,78.8,12.59,
2022,BZ,BZ22,10,20,9,1008,07AB-85,33,4.268,187,213,26,28.93700787,596.001963,1155.326882,0.403968254,5309.65,54.5,90.5,12.97,
2022,BZ,BZ22,10,21,9,1009,08N2-51,103,2.852,178,214,36,23.42519685,1100.998287,1097.201741,0.516608997,4738.3,51.7,86.4,12.02,
2022,BZ,BZ22,10,22,9,1010,2MS14_3301-016,185,3.318,185,217,32,25,779.1024228,1176.854712,0.508013937,5504.08,53.4,93.1,11.21,
2022,BZ,BZ22,10,23,9,1011,09AB-59,141,4.302,187,216,29,28.1496063,844.7204527,1315.350419,0.527706422,5645.51,54,81.3,11.19,
2022,BZ,BZ22,10,24,9,1012,08WA-48,133,3.152,187,212,25,25,840.008674,1031.183062,0.476404494,4116.38,51.8,70.2,12.62,
2022,BZ,BZ22,10,24,10,1013,2MS14_3306-013,192,3.002,185,213,28,30.31496063,567.9452665,904.1688643,0.36080402,4692.46,53,91.6,11.66,
2022,BZ,BZ22,10,23,10,1014,09N2-60,163,1.602,185,212,27,28.54330709,668.6567557,984.53943,0.305854801,4900.62,53.1,85.1,12.29,
2022,BZ,BZ22,10,22,10,1015,07N2-21,46,2.252,182,222,40,23.22834646,913.1847931,1017.54877,0.516923077,5079.3,55.1,94,10.84,
2022,BZ,BZ22,10,21,10,1016,Merit57,236,2.152,187,217,30,26.77165354,518.4343085,842.4557513,0.475692308,5233.48,50.9,71.4,11.75,
2022,BZ,BZ22,10,20,10,1017,08N2-95,119,2.302,187,212,25,25.59055118,562.4145614,899.8632983,0.403571429,5707.25,54.4,88.8,12.38,
2022,BZ,BZ22,10,19,10,1018,2MS14_3306-007,191,2.485,182,216,34,27.55905512,688.8905633,895.5577323,0.513609467,5412.85,52.1,92.7,11.35,
2022,BZ,BZ22,10,18,10,1019,Hockett,234,1.835,185,212,27,25.39370079,644.9448636,805.1408458,0.482170543,4689.28,53,78.5,11.54,
2022,BZ,BZ22,10,17,10,1020,06N2-51,13,2.502,182,221,39,24.01574803,907.4295123,1055.581269,0.569473684,5204.69,54.1,88.8,12.14,
2022,BZ,BZ22,10,16,10,1021,Lavina,235,2.035,185,213,28,26.37795276,903.4677664,827.3862703,0.455747126,5148.01,46.4,45.3,11.63,
2022,BZ,BZ22,10,15,10,1022,09N2-72,173,1.818,185,217,32,27.36220472,784.6819323,886.2290059,0.386979167,5548.23,53.7,79.9,11.61,
2022,BZ,BZ22,10,14,10,1023,07N2-23,47,2.368,182,222,40,26.57480315,817.5193481,1090.025798,0.53,5577.2,54.6,93.3,11.66,
2022,BZ,BZ22,11,1,11,1101,08MT-60,87,2.152,187,212,25,31.88976378,750.1620797,1300.280938,0.341538462,4687.37,54.3,85.7,14.85,
2022,BZ,BZ22,11,2,11,1102,2MS14_3302-011,187,2.252,182,213,31,23.03149606,979.0807355,1209.864052,0.5522158,5086.32,54,82.1,12.64,
2022,BZ,BZ22,11,3,11,1103,06N2-81,20,2.252,180,220,40,24.80314961,624.7651119,1067.780373,0.511702128,4608.74,54,91.4,11.89,
2022,BZ,BZ22,11,4,11,1104,09AB-87,142,2.218,187,215,28,27.75590551,881.5687668,1198.382542,0.350804598,4555.74,48.9,59.8,13.15,
2022,BZ,BZ22,11,5,11,1105,08AB-14,72,2.418,191,215,24,25.98425197,1091.61783,1312.480042,0.30483559,4541.77,48.7,44.7,12.33,
2022,BZ,BZ22,11,6,11,1106,2MS14_3308-025,196,2.768,183,214,31,28.54330709,635.924393,994.5857507,0.415856777,5607.56,53.5,77.6,12.26,
2022,BZ,BZ22,11,7,11,1107,Odyssey,237,2.485,187,220,33,21.45669291,1036.42504,1400.744145,0.469955157,5659.36,51.7,86.1,11.65,
2022,BZ,BZ22,11,8,11,1108,09N2-91,178,1.718,187,214,27,25.59055118,870.7440755,1102.942496,0.393927126,4485.73,52.1,81.2,11.79,
2022,BZ,BZ22,11,9,11,1109,06WA-90,24,2.102,184,215,31,28.74015748,854.2574472,1122.317543,0.405774278,5984.47,54.2,77,11.41,
2022,BZ,BZ22,11,10,11,1110,Lavina,235,1.618,185,212,27,29.13385827,1114.381794,1326.114334,0.500168067,5304.61,47.3,29.7,12.54,
2022,BZ,BZ22,11,11,11,1111,09N2-31,156,2.202,183,219,36,26.18110236,888.9230884,1284.493863,0.462975779,5839.72,54.5,88.5,11.19,
2022,BZ,BZ22,11,12,11,1112,2MS14_3342-010,228,2.535,182,213,31,26.37795276,836.8550151,1319.655985,0.355447154,6074.52,54.4,83.9,12.03,
2022,BZ,BZ22,11,12,12,1113,07N2-19,44,3.152,176,215,39,23.42519685,783.1171673,1042.664571,0.507725322,4399.59,54.4,90.6,13.09,
2022,BZ,BZ22,11,11,12,1114,08WA-16,124,3.118,187,213,26,27.16535433,706.6849634,1255.072495,0.411261261,5773.58,52.1,80.5,12.37,
2022,BZ,BZ22,11,10,12,1115,09WA-10,181,2.168,185,215,30,26.37795276,764.4268092,907.756836,0.543684211,5404.76,52,82.1,12.55,
2022,BZ,BZ22,11,9,12,1116,06N2-15,6,2.268,181,217,36,25.19685039,902.5338392,990.2801847,0.535696203,4609.22,53.7,93,12.34,
2022,BZ,BZ22,11,8,12,1117,09N2-86,176,2.352,190,216,26,25.78740157,701.4146154,1143.845373,0.409433962,4969.56,47.9,28.1,11.58,
2022,BZ,BZ22,11,7,12,1118,09N2-21,154,2.485,182,214,32,27.16535433,816.6289236,1081.414665,0.328604119,5119.43,51,79.2,11.47,
2022,BZ,BZ22,11,6,12,1119,Hockett,234,3.785,184,213,29,27.95275591,672.9024037,844.6085343,0.262637363,4683.08,52.2,74.3,12.14,
2022,BZ,BZ22,11,5,12,1120,07N2-37,52,4.085,177,217,40,23.81889764,814.5084873,988.1274017,0.563123644,4481.78,52.8,76,12.45,
2022,BZ,BZ22,11,4,12,1121,Merit57,236,3.335,187,216,29,27.95275591,732.1650022,828.1038646,0.376829268,4648.72,49.2,62.3,12.43,
2022,BZ,BZ22,11,3,12,1122,08AB-07,68,3.485,189,215,26,26.77165354,560.5124813,1019.701553,0.297251586,3757.03,46.3,59.4,12.95,
2022,BZ,BZ22,11,2,12,1123,06N2-35,10,3.735,182,217,35,26.96850394,749.6883197,921.3911284,0.537007874,4815.95,53.6,95.1,12.12,
2022,BZ,BZ22,12,13,11,1201,2MS14_3304-022,189,3.568,186,215,29,27.95275591,779.359744,1132.363863,0.478947368,5832.22,55.7,94.9,12.05,
2022,BZ,BZ22,12,14,11,1202,07AB-55,26,2.552,189,215,26,31.49606299,669.7547143,1090.743392,0.402339181,6011.18,55.5,87.2,12.13,
2022,BZ,BZ22,12,15,11,1203,2MS14_3342-013,229,4.102,185,214,29,25.19685039,804.1316872,1083.567448,0.437105751,4511.34,52,80.3,11.54,
2022,BZ,BZ22,12,16,11,1204,Merit57,236,3.068,187,213,26,26.18110236,770.0561449,1195.512165,0.38099839,4311.15,48.6,65.8,11.23,
2022,BZ,BZ22,12,17,11,1205,Hockett,234,3.052,185,211,26,25.98425197,785.3401072,1263.683627,0.270433145,4245.96,51.7,73.1,11.79,
2022,BZ,BZ22,12,18,11,1206,2MS14_3342-009,227,3.402,185,213,28,26.37795276,883.6681518,1305.304099,0.376402321,5015.38,54.4,88.6,11.81,
2022,BZ,BZ22,12,19,11,1207,2MS14_3310-009,198,3.185,186,212,26,31.49606299,776.5675441,1423.707164,0.595636364,4319.61,53,85.9,11.23,
2022,BZ,BZ22,12,20,11,1208,07AB-92,36,3.368,186,212,26,28.93700787,674.9810292,1271.577165,0.429109589,5279.44,55.2,91,12.09,
2022,BZ,BZ22,12,21,11,1209,08N2-42,99,3.585,180,221,41,25.39370079,612.5495658,884.7938172,0.537435897,4320.42,52.2,90.1,11.32,
2022,BZ,BZ22,12,22,11,1210,Lavina,235,2.785,185,210,25,27.95275591,948.803232,862.5483928,0.505333333,4855.17,50,48.6,11.92,
2022,BZ,BZ22,12,23,11,1211,07N2-20,45,3.068,178,214,36,23.03149606,843.9569257,917.8031567,0.45,4021.32,55.2,89.1,12.64,
2022,BZ,BZ22,12,24,11,1212,09MT-88,149,2.685,187,215,28,27.95275591,1020.770797,1313.915231,0.39561753,4490.52,52.6,77.2,10.98,
2022,BZ,BZ22,12,24,12,1213,07AB-56,27,2.602,187,211,24,27.55905512,815.1265248,1157.479665,0.415694165,4701.07,54.9,95.8,13.17,
2022,BZ,BZ22,12,23,12,1214,09MT-92,150,3.185,184,214,30,25.19685039,643.0615916,1064.909996,0.55942029,4574.76,53.9,95.5,12.74,
2022,BZ,BZ22,12,22,12,1215,06WA-58,23,3.185,186,210,24,26.96850394,905.5577566,1169.678769,0.356129032,5119.58,53.4,61.2,12.63,
2022,BZ,BZ22,12,21,12,1216,08N2-21,93,3.952,182,217,35,27.16535433,1085.115201,1383.521881,0.506184012,5170.57,52.8,83.8,11.11,
2022,BZ,BZ22,12,20,12,1217,08AB-02,66,3.235,191,210,19,25.98425197,1134.179464,1307.456882,0.358072289,4648.42,46.3,50.1,12.45,
2022,BZ,BZ22,12,19,12,1218,Odyssey,237,2.618,190,219,29,22.44094488,1137.885353,1170.396363,0.561574074,5459.24,51.1,84,11.43,
2022,BZ,BZ22,12,18,12,1219,08MT-31,85,3.218,187,213,26,25.19685039,708.132847,1042.664571,0.352693208,5149.7,53.4,84.9,12.35,
2022,BZ,BZ22,12,17,12,1220,08WA-27,129,3.235,185,213,28,25.39370079,1099.575322,1429.447919,0.466801619,5470.22,52.6,72.9,11.98,
2022,BZ,BZ22,12,16,12,1221,2MS14_3342-004,226,2.852,185,214,29,28.54330709,639.4256203,1031.900656,0.490598291,5450.74,53.7,91.3,11.57,
2022,BZ,BZ22,12,15,12,1222,06N2-26,8,3.768,178,214,36,27.36220472,703.4828811,880.4882512,0.465463918,4962.19,54.2,95.8,11.8,
2022,BZ,BZ22,12,14,12,1223,06WA-39,22,3.435,187,217,30,26.18110236,700.0404354,1064.909996,0.552988048,5989.43,52.4,91.2,12.36,
2022,MO,MO22,1,,,101,2MS14_3302-026,188,,186,210,24,21,,,,1210.5198,52.5,,14.5,9.9
2022,MO,MO22,1,,,102,2MS14_3340-025,225,,189,210,21,24,,,,1721.62816,49.1,,12.6,10.6
2022,MO,MO22,1,,,103,08AB-48,81,,191,210,19,22,,,,1681.2775,50.5,,12.6,10.7
2022,MO,MO22,1,,,104,08N2-68,109,,188,210,22,20,,,,1513.14975,51,,11.4,10.6
2022,MO,MO22,1,,,105,2MS14_3335-007,218,,187,209,22,23,,,,2098.23432,52.2,,11.8,9.4
2022,MO,MO22,1,,,106,07AB-80,30,,189,210,21,24,,,,2353.7885,52.2,,16.4,9.4
2022,MO,MO22,1,,,107,08AB-46,79,,187,211,24,20,,,,1936.83168,50.3,,13.8,10.2
2022,MO,MO22,1,,,108,09N2-37,157,,185,211,26,22,,,,2562.26691,55.1,,12.1,9.9
2022,MO,MO22,1,,,109,09N2-51,161,,191,212,21,21,,,,2239.46163,52.7,,12.5,10
2022,MO,MO22,1,,,110,Lavina,235,,187,211,24,20,,,,,49.3,,16,10
2022,MO,MO22,1,,,111,09N2-38,158,,189,209,20,20,,,,1923.38146,53.2,,11.5,9.6
2022,MO,MO22,1,,,112,Odyssey,237,,189,212,23,19,,,,1721.62816,53.7,,10,9.3
2022,MO,MO22,1,,,113,2MS14_3336-002,219,,185,211,26,21,,,,2737.11977,53.9,,11.7,9.4
2022,MO,MO22,1,,,114,09MT-37,145,,184,210,26,21,,,,1883.0308,55,,9.2,9.6
2022,MO,MO22,1,,,115,2MS14_3346-002,233,,189,209,20,23,,,,1950.2819,52,,13.2,9.3
2022,MO,MO22,1,,,116,08AB-01,65,,191,209,18,16,,,,1385.37266,47.4,,15.6,10.2
2022,MO,MO22,1,,,117,2MS14_3316-005,208,,189,214,25,17,,,,1620.75151,51,,12.4,10.2
2022,MO,MO22,1,,,118,Hockett,234,,189,210,21,20,,,,1694.72772,52.5,,12.4,10.1
2022,MO,MO22,1,,,119,Merit57,236,,191,211,20,19,,,,1392.09777,48.8,,14.2,9.9
2022,MO,MO22,1,,,120,09N2-64,167,,188,208,20,23,,,,1472.79909,49.6,,15.8,9.9
2022,MO,MO22,1,,,121,08N2-90,117,,188,210,22,17,,,,1533.32508,52.2,,12.6,10.3
2022,MO,MO22,1,,,122,07N2-47,57,,189,210,21,19,,,,1163.44403,52,,13.6,10.4
2022,MO,MO22,1,,,123,09WA-39,183,,188,209,21,22,,,,1418.99821,48.9,,15.2,10.8
2022,MO,MO22,1,,,124,08N2-47,100,,187,208,21,20,,,,2199.11097,52.4,,12.4,9.9
2022,MO,MO22,2,,,201,07AB-91,35,,187,210,23,20,,,,2690.044,52.9,,10.6,10
2022,MO,MO22,2,,,202,2MS14_3342-018,230,,187,210,23,23,,,,2367.23872,50.7,,14.1,10.3
2022,MO,MO22,2,,,203,2MS14_3340-022,224,,188,213,25,22,,,,2320.16295,52.6,,11.5,9.9
2022,MO,MO22,2,,,204,09N2-39,159,,186,213,27,22,,,,2548.81669,54.9,,10.5,10
2022,MO,MO22,2,,,205,09N2-48,160,,185,212,27,24,,,,2629.51801,53.8,,11.9,10.3
2022,MO,MO22,2,,,206,08AB-24,76,,187,212,25,23,,,,2548.81669,49.3,,15.3,10.6
2022,MO,MO22,2,,,207,06WA-38,21,,184,213,29,21,,,,2347.06339,53.2,,,
2022,MO,MO22,2,,,208,2MS14_3317-016,212,,187,215,28,23,,,,1916.65635,54.2,,11.4,9.4
2022,MO,MO22,2,,,209,Hockett,234,,185,210,25,22,,,,2340.33828,54.1,,11.2,9.9
2022,MO,MO22,2,,,210,09MT-93,151,,186,213,27,21,,,,1883.0308,54.4,,9.6,9.4
2022,MO,MO22,2,,,211,Lavina,235,,186,212,26,19,,,,,49.3,,16,10
2022,MO,MO22,2,,,212,07AB-51,25,,187,213,26,22,,,,2219.2863,51.8,,12.6,9.4
2022,MO,MO22,2,,,213,2MS14_3336-016,220,,186,213,27,20,,,,2710.21933,54.6,,11.3,9.6
2022,MO,MO22,2,,,214,2MS14_3310-012,199,,185,213,28,21,,,,2831.27131,53.1,,12.3,9.8
2022,MO,MO22,2,,,215,08N2-93,118,,184,214,30,23,,,,2891.7973,54.5,,12.6,9.7
2022,MO,MO22,2,,,216,09AB-51,139,,189,215,26,20,,,,1802.32948,51.5,,11.3,10.2
2022,MO,MO22,2,,,217,Merit57,236,,191,215,24,18,,,,2091.50921,51.5,,11.7,9.9
2022,MO,MO22,2,,,218,2MS14_3310-019,202,,189,213,24,26,,,,2104.95943,53.1,,12.5,9.3
2022,MO,MO22,2,,,219,07AB-84,32,,190,213,23,26,,,,2945.59818,52.1,,13.6,10.7
2022,MO,MO22,2,,,220,Odyssey,237,,189,213,24,22,,,,2911.97263,52.4,,11.7,10.1
2022,MO,MO22,2,,,221,07N2-45,55,,189,214,25,22,,,,2071.33388,53.7,,11.1,9.8
2022,MO,MO22,2,,,222,09N2-68,171,,188,215,27,25,,,,2226.01141,54.4,,10.5,9.5
2022,MO,MO22,2,,,223,09N2-96,180,,188,215,27,23,,,,2542.09158,51.5,,12.6,10
2022,MO,MO22,2,,,224,08N2-54,106,,186,214,28,23,,,,2427.76471,53.8,,13.1,10.2
2022,MO,MO22,3,,,301,08N2-71,112,,186,208,22,21,,,,1371.92244,50.9,,14.1,10.5
2022,MO,MO22,3,,,302,06N2-47,11,,188,209,21,16,,,,981.86606,54,,13.6,10.7
2022,MO,MO22,3,,,303,09WA-30,182,,190,210,20,15,,,,531.28369,40.3,,17,10.6
2022,MO,MO22,3,,,304,2MS14_3317-025,214,,189,209,20,20,,,,1062.56738,52.3,,15.1,10.8
2022,MO,MO22,3,,,305,09MT-75,147,,190,210,20,21,,,,1028.94183,52,,13.6,9.9
2022,MO,MO22,3,,,306,2MS14_3306-017,193,,189,211,22,18,,,,847.36386,50.6,,13.1,9.4
2022,MO,MO22,3,,,307,2MS14_3324-018,216,,190,209,19,20,,,,1472.79909,51.4,,13,9.7
2022,MO,MO22,3,,,308,09N2-61,164,,191,209,18,19,,,,813.73831,48.9,,13.9,10.2
2022,MO,MO22,3,,,309,Merit57,236,,190,210,20,21,,,,1418.99821,48.6,,13.7,10.2
2022,MO,MO22,3,,,310,Odyssey,237,,190,211,21,19,,,,1614.0264,51,,11.5,10.2
2022,MO,MO22,3,,,311,09AB-27,137,,191,210,19,21,,,,1405.54799,51,,13.7,9.5
2022,MO,MO22,3,,,312,2MS14_3340-013,223,,191,209,18,20,,,,1647.65195,50,,12.9,9.8
2022,MO,MO22,3,,,313,06N2-14,5,,189,210,21,20,,,,2481.56559,53.2,,10,10.4
2022,MO,MO22,3,,,314,08N2-70,111,,188,211,23,21,,,,2098.23432,53.2,,11,9.6
2022,MO,MO22,3,,,315,08N2-69,110,,186,211,25,21,,,,1889.75591,53.1,,10.7,9.8
2022,MO,MO22,3,,,316,09MT-34,144,,185,209,24,19,,,,1365.19733,54.4,,10.3,10.3
2022,MO,MO22,3,,,317,06N2-67,18,,187,210,23,19,,,,1324.84667,53,,11.9,10.4
2022,MO,MO22,3,,,318,07AB-59,28,,191,209,18,20,,,,887.71452,48.9,,12.9,10.3
2022,MO,MO22,3,,,319,08N2-78,114,,186,210,24,21,,,,1486.24931,53.5,,11.7,9.4
2022,MO,MO22,3,,,320,08WA-11,122,,187,209,22,20,,,,1688.00261,49.3,,13.6,9.8
2022,MO,MO22,3,,,321,07BA-94,38,,189,210,21,18,,,,719.58677,46.5,,16.1,10.8
2022,MO,MO22,3,,,322,Lavina,235,,189,210,21,21,,,,,49.3,,16,10
2022,MO,MO22,3,,,323,09AB-29,138,,187,209,22,19,,,,1028.94183,48.1,,14.2,9.8
2022,MO,MO22,3,,,324,Hockett,234,,186,209,23,20,,,,1519.87486,51,,15.8,10.6
2022,MO,MO22,4,,,401,08AB-17,73,,190,213,23,21,,,,2158.76031,49.4,,14.2,10.4
2022,MO,MO22,4,,,402,2MS14_3317-014,211,,189,214,25,22,,,,2057.88366,51.7,,13.7,10
2022,MO,MO22,4,,,403,06AB-08,1,,188,214,26,20,,,,1923.38146,50.1,,13.7,10.1
2022,MO,MO22,4,,,404,08N2-82,116,,189,215,26,19,,,,1708.17794,53.5,,12.5,9.6
2022,MO,MO22,4,,,405,08AB-31,77,,190,213,23,23,,,,2333.61317,52.2,,12,9.8
2022,MO,MO22,4,,,406,09N2-93,179,,189,214,25,23,,,,2548.81669,53.3,,10.7,10
2022,MO,MO22,4,,,407,Lavina,235,,189,213,24,20,,,,,47.2,,14,9.6
2022,MO,MO22,4,,,408,2MS14_3310-017,200,,189,215,26,21,,,,1963.73212,52.2,,11.5,10
2022,MO,MO22,4,,,409,2MS14_3312-012,203,,188,214,26,19,,,,2676.59378,55,,9.6,10.1
2022,MO,MO22,4,,,410,2MS14_3316-020,209,,186,213,27,20,,,,1876.30569,52,,13.8,10
2022,MO,MO22,4,,,411,07N2-01,40,,188,213,25,18,,,,2064.60877,54,,12.4,9.9
2022,MO,MO22,4,,,412,08WA-46,132,,191,213,22,20,,,,2010.80789,49.9,,12.6,9.6
2022,MO,MO22,4,,,413,07AB-81,31,,191,213,22,18,,,,2044.43344,50.5,,12,9.7
2022,MO,MO22,4,,,414,Odyssey,237,,190,214,24,21,,,,2421.0396,53,,12.9,10.1
2022,MO,MO22,4,,,415,08AB-47,80,,190,215,25,21,,,,2421.0396,49.7,,13.3,10
2022,MO,MO22,4,,,416,2MS14_3310-018,201,,192,215,23,20,,,,2044.43344,52.3,,10.1,10.1
2022,MO,MO22,4,,,417,Merit57,236,,191,214,23,19,,,,1909.93124,49.8,,11.8,9.7
2022,MO,MO22,4,,,418,2MS14_3305-002,190,,192,213,21,20,,,,1782.15415,51.8,,12.2,9.9
2022,MO,MO22,4,,,419,08MT-11,83,,190,213,23,20,,,,1835.95503,51.8,,12.1,10.3
2022,MO,MO22,4,,,420,07N2-56,58,,189,213,24,19,,,,1190.34447,55.2,,12.4,10.1
2022,MO,MO22,4,,,421,2MS14_3315-015,207,,190,213,23,20,,,,1647.65195,51.4,,12,10.1
2022,MO,MO22,4,,,422,Hockett,234,,190,213,23,21,,,,2306.71273,52.8,,12.7,9.7
2022,MO,MO22,4,,,423,06N2-54,15,,186,214,28,25,,,,2959.0484,52.6,,12.9,10.2
2022,MO,MO22,4,,,424,07AB-93,37,,187,213,26,24,,,,1997.35767,51.2,,13.9,10.2
2022,MO,MO22,5,,,501,08N2-66,108,,191,214,23,20,,,,1102.91804,48.9,,18.1,10.4
2022,MO,MO22,5,,,502,07N2-25,48,,189,210,21,20,,,,1049.11716,52.5,,13.9,9.9
2022,MO,MO22,5,,,503,Lavina,235,,187,210,23,21,,,,,49.3,,16,10
2022,MO,MO22,5,,,504,2MS14_3317-018,213,,185,209,24,21,,,,1506.42464,51.4,,14.3,9.9
2022,MO,MO22,5,,,505,Merit57,236,,190,210,20,21,,,,1418.99821,47.8,,16.6,10.2
2022,MO,MO22,5,,,506,08AB-05,67,,192,211,19,19,,,,1318.12156,51.1,,17.3,10.1
2022,MO,MO22,5,,,507,Odyssey,237,,190,210,20,19,,,,1997.35767,51.8,,12.3,9.7
2022,MO,MO22,5,,,508,07WA-45,64,,188,209,21,20,,,,1526.59997,48.6,,12.4,10.4
2022,MO,MO22,5,,,509,Hockett,234,,189,210,21,19,,,,1869.58058,53.6,,11.9,9.4
2022,MO,MO22,5,,,510,09MT-62,146,,191,211,20,22,,,,1432.44843,52.5,,12,9.5
2022,MO,MO22,5,,,511,2MS14_3309-029,197,,190,214,24,18,,,,1735.07838,53.1,,11.9,9.9
2022,MO,MO22,5,,,512,09N2-63,166,,190,209,19,19,,,,1526.59997,54.2,,9.9,9.9
2022,MO,MO22,5,,,513,09N2-16,152,,188,211,23,21,,,,2259.63696,55.4,,10.1,10
2022,MO,MO22,5,,,514,06N2-02,4,,187,210,23,20,,,,1701.45283,55.2,,11.3,9.8
2022,MO,MO22,5,,,515,08N2-36,98,,186,209,23,19,,,,2246.18674,53.3,,13.9,9.7
2022,MO,MO22,5,,,516,07N2-28,49,,187,210,23,19,,,,1936.83168,53.2,,14.7,9.9
2022,MO,MO22,5,,,517,07WA-17,63,,189,209,20,20,,,,2172.21053,51.2,,15.6,9.7
2022,MO,MO22,5,,,518,09N2-69,172,,189,211,22,25,,,,1741.80349,52.9,,11.7,10.2
2022,MO,MO22,5,,,519,08MT-73,88,,190,211,21,22,,,,2421.0396,51.2,,18.1,9.8
2022,MO,MO22,5,,,520,08WA-20,125,,189,210,21,23,,,,2898.52241,49.8,,18.3,9.6
2022,MO,MO22,5,,,521,2MS14_3345-013,232,,189,214,25,23,,,,2911.97263,55,,12.4,10.5
2022,MO,MO22,5,,,522,08WA-23,127,,190,214,24,23,,,,2353.7885,48.5,,15.7,10
2022,MO,MO22,5,,,523,07WA-12,62,,190,215,25,26,,,,3066.65016,52,,16.2,10.1
2022,MO,MO22,6,,,601,2MS14_3340-004,222,,192,213,21,23,,,,2158.76031,51.1,,12.9,10
2022,MO,MO22,6,,,602,07N2-46,56,,189,213,24,20,,,,2192.38586,53.2,,11.6,10.2
2022,MO,MO22,6,,,603,Merit57,236,,190,214,24,20,,,,1627.47662,49.9,,13,10.1
2022,MO,MO22,6,,,604,2MS14_3315-005,206,,191,213,22,22,,,,2078.05899,51.1,,12.6,9.6
2022,MO,MO22,6,,,605,09MT-22,143,,190,215,25,21,,,,1876.30569,52.8,,10,9.8
2022,MO,MO22,6,,,606,08N2-64,107,,187,213,26,22,,,,2239.46163,54.3,,11.1,10.3
2022,MO,MO22,6,,,607,2MS14_3301-001,184,,191,213,22,19,,,,1983.90745,53,,11.9,9.7
2022,MO,MO22,6,,,608,09N2-83,174,,190,214,24,20,,,,1997.35767,56.6,,10.3,9.7
2022,MO,MO22,6,,,609,08WA-02,120,,189,214,25,18,,,,1291.22112,49.9,,12.6,10.2
2022,MO,MO22,6,,,610,2MS14_3308-020,195,,188,214,26,21,,,,2306.71273,51.5,,13.4,9.7
2022,MO,MO22,6,,,611,08WA-32,130,,189,210,21,18,,,,2078.05899,51.4,,13.2,10.3
2022,MO,MO22,6,,,612,07N2-43,54,,187,210,23,19,,,,1735.07838,54.6,,11.5,9.9
2022,MO,MO22,6,,,613,08AB-13,71,,192,214,22,19,,,,1378.64755,49,,13.3,9.8
2022,MO,MO22,6,,,614,09N2-90,177,,189,213,24,21,,,,2474.84048,51.3,,11.3,9.9
2022,MO,MO22,6,,,615,08N2-34,97,,189,213,24,23,,,,,52.7,,11.7,9.4
2022,MO,MO22,6,,,616,Odyssey,237,,190,213,23,21,,,,,51.9,,10.9,9.3
2022,MO,MO22,6,,,617,Hockett,234,,190,213,23,20,,,,1439.17354,52.1,,11.8,10
2022,MO,MO22,6,,,618,06N2-53,14,,187,213,26,22,,,,2044.43344,54.8,,11,9.4
2022,MO,MO22,6,,,619,08N2-52,104,,185,214,29,21,,,,1782.15415,54.6,,11.4,10.3
2022,MO,MO22,6,,,620,08N2-48,101,,184,214,30,20,,,,2299.98762,53.2,,10.7,10.3
2022,MO,MO22,6,,,621,Lavina,235,,186,213,27,21,,,,,,,13,9.5
2022,MO,MO22,6,,,622,07N2-36,51,,184,213,29,22,,,,1950.2819,54.7,,13.1,9.9
2022,MO,MO22,6,,,623,2MS14_3314-015,205,,189,213,24,21,,,,2010.80789,50.8,,14,10.2
2022,MO,MO22,7,,,701,08AB-22,74,,189,214,25,22,,,,,50.8,,15.4,10.5
2022,MO,MO22,7,,,702,Hockett,234,,188,210,22,22,,,,1842.68014,51.5,,13.5,9.9
2022,MO,MO22,7,,,703,Odyssey,237,,188,215,27,22,,,,2508.46603,51.4,,13.5,10.6
2022,MO,MO22,7,,,704,09N2-29,155,,188,214,26,25,,,,2568.99202,51.9,,13.9,10.6
2022,MO,MO22,7,,,705,07N2-68,60,,190,210,20,26,,,,2703.49422,51.5,,15.9,10.2
2022,MO,MO22,7,,,706,2MS14_3307-008,194,,188,211,23,26,,,,2945.59818,52.6,,15.9,9.9
2022,MO,MO22,7,,,707,06AB-32,2,,188,210,22,25,,,,2548.81669,52.6,,14.2,9.6
2022,MO,MO22,7,,,708,08WA-24,128,,189,210,21,22,,,,1883.0308,48.9,,14.9,10.4
2022,MO,MO22,7,,,709,09N2-62,165,,188,210,22,23,,,,3026.2995,53.5,,12.7,9.7
2022,MO,MO22,7,,,710,08N2-18,91,,187,211,24,23,,,,2212.56119,55.6,,14,10.1
2022,MO,MO22,7,,,711,07N2-41,53,,186,210,24,23,,,,1997.35767,54.3,,12.9,10.2
2022,MO,MO22,7,,,712,08N2-27,96,,185,210,25,23,,,,1943.55679,52.9,,11.4,9.8
2022,MO,MO22,7,,,713,2MS14_3337-013,221,,189,211,22,22,,,,2380.68894,51.2,,12.4,9.6
2022,MO,MO22,7,,,714,07N2-29,50,,189,210,21,18,,,,2192.38586,54.1,,12.4,9.3
2022,MO,MO22,7,,,715,08N2-49,102,,185,210,25,26,,,,3100.27571,54,,13.2,9.8
2022,MO,MO22,7,,,716,Lavina,235,,187,210,23,24,,,,,47.2,,14,9.6
2022,MO,MO22,7,,,717,07N2-83,61,,188,214,26,23,,,,2246.18674,54,,12.2,10.1
2022,MO,MO22,7,,,718,08MT-36,86,,189,211,22,23,,,,2495.01581,49.8,,14.6,10.4
2022,MO,MO22,7,,,719,08MT-03,82,,189,209,20,20,,,,2373.96383,52.6,,13.8,10
2022,MO,MO22,7,,,720,08N2-22,94,,188,209,21,20,,,,1849.40525,52.3,,12.1,9.9
2022,MO,MO22,7,,,721,08WA-34,131,,189,210,21,19,,,,2138.58498,48.6,,15.5,10.2
2022,MO,MO22,7,,,722,Merit57,236,,189,215,26,21,,,,2138.58498,47.7,,15.5,10.6
2022,MO,MO22,7,,,723,08WA-15,123,,186,210,24,24,,,,3107.00082,54.1,,13.8,9.6
2022,MO,MO22,8,,,801,Hockett,234,,189,213,24,22,,,,1990.63256,52.7,,11.7,9.8
2022,MO,MO22,8,,,802,2MS14_3342-022,231,,187,213,26,25,,,,1950.2819,48,,14.5,10.1
2022,MO,MO22,8,,,803,2MS14_3318-006,215,,189,213,24,21,,,,1546.7753,49.8,,13.7,9.8
2022,MO,MO22,8,,,804,08N2-20,92,,189,214,25,17,,,,2064.60877,53.7,,10.8,9.6
2022,MO,MO22,8,,,805,06N2-56,16,,187,212,25,21,,,,1883.0308,54.2,,10.3,9.9
2022,MO,MO22,8,,,806,08AB-08,69,,191,214,23,19,,,,1526.59997,50.6,,16.3,10.5
2022,MO,MO22,8,,,807,08MT-79,89,,189,212,23,18,,,,1936.83168,52.3,,12.5,9.8
2022,MO,MO22,8,,,808,07N2-16,42,,189,214,25,22,,,,2152.0352,54.9,,11.2,9.7
2022,MO,MO22,8,,,809,Lavina,235,,188,213,25,21,,,,,39.6,,13.5,9.7
2022,MO,MO22,8,,,810,06N2-23,7,,188,213,25,24,,,,2340.33828,54.2,,12.1,9.8
2022,MO,MO22,8,,,811,Odyssey,237,,189,213,24,21,,,,2481.56559,52.2,,13.4,9.8
2022,MO,MO22,8,,,812,Merit57,236,,191,214,23,19,,,,1445.89865,49.5,,13,10
2022,MO,MO22,8,,,813,2MS14_3317-006,210,,190,214,24,22,,,,1862.85547,54.1,,11.3,9.2
2022,MO,MO22,8,,,814,09N2-66,169,,192,213,21,24,,,,1560.22552,51,,13.8,10
2022,MO,MO22,8,,,815,2MS14_3301-021,186,,189,212,23,18,,,,1580.40085,53.1,,11.5,9.8
2022,MO,MO22,8,,,816,09N2-67,170,,190,212,22,22,,,,1963.73212,50.6,,13.1,10
2022,MO,MO22,8,,,817,08WA-04,121,,190,213,23,20,,,,1883.0308,52.6,,12.5,9.8
2022,MO,MO22,8,,,818,08AB-09,70,,190,214,24,23,,,,2246.18674,49.4,,13.3,10.1
2022,MO,MO22,8,,,819,09N2-65,168,,191,213,22,23,,,,2051.15855,49.4,,15.5,10.2
2022,MO,MO22,8,,,820,08WA-58,135,,190,213,23,21,,,,1802.32948,47.3,,15.4,10.2
2022,MO,MO22,8,,,821,06MT-93,3,,191,212,21,22,,,,2212.56119,50.4,,15.3,9.4
2022,MO,MO22,8,,,822,09N2-58,162,,190,212,22,22,,,,2246.18674,52.7,,12.7,9.9
2022,MO,MO22,8,,,823,07AB-89,34,,190,213,23,21,,,,1997.35767,49.5,,18.6,10.2
2022,MO,MO22,9,,,901,Hockett,234,,189,210,21,23,,,,2152.0352,50.1,,15.4,9.6
2022,MO,MO22,9,,,902,07N2-64,59,,187,209,22,22,,,,1371.92244,48.8,,15.3,10.1
2022,MO,MO22,9,,,903,Lavina,235,,187,210,23,19,,,,,40,,16.8,9.8
2022,MO,MO22,9,,,904,Odyssey,237,,189,210,21,22,,,,1748.5286,50,,14.7,10
2022,MO,MO22,9,,,905,08AB-23,75,,189,209,20,22,,,,1647.65195,51.1,,14.5,10.2
2022,MO,MO22,9,,,906,06N2-64,17,,189,209,20,18,,,,2178.93564,52.2,,14.7,9.6
2022,MO,MO22,9,,,907,08N2-53,105,,186,210,24,25,,,,2663.14356,52.9,,13.4,10.1
2022,MO,MO22,9,,,908,06N2-31,9,,187,210,23,21,,,,1761.97882,53,,12,9.7
2022,MO,MO22,9,,,909,08N2-17,90,,188,212,24,23,,,,1903.20613,51.8,,13,10.1
2022,MO,MO22,9,,,910,08MT-28,84,,190,209,19,21,,,,2326.88806,46,,13.1,9.9
2022,MO,MO22,9,,,911,2MS14_3312-020,204,,187,209,22,23,,,,2871.62197,50.8,,13.7,9.7
2022,MO,MO22,9,,,912,09AB-25,136,,192,210,18,20,,,,1614.0264,49.7,,17,9.6
2022,MO,MO22,9,,,913,09N2-84,175,,190,212,22,22,,,,2548.81669,53.6,,10.7,9.9
2022,MO,MO22,9,,,914,09AB-54,140,,192,215,23,21,,,,1378.64755,48.7,,14.7,9.8
2022,MO,MO22,9,,,915,09MT-76,148,,190,212,22,22,,,,1990.63256,51.9,,12.9,9.8
2022,MO,MO22,9,,,916,06N2-79,19,,190,211,21,23,,,,1957.00701,53.3,,13.2,10.4
2022,MO,MO22,9,,,917,2MS14_3328-025,217,,189,209,20,22,,,,2017.533,53.5,,13,10.3
2022,MO,MO22,9,,,918,Merit57,236,,191,210,19,21,,,,1768.70393,46.9,,15.2,10.6
2022,MO,MO22,9,,,919,06N2-49,12,,189,209,20,19,,,,2185.66075,49.6,,13.3,9.9
2022,MO,MO22,9,,,920,07AB-63,29,,190,210,20,21,,,,2347.06339,51.7,,13.4,9.7
2022,MO,MO22,9,,,921,08N2-77,113,,189,209,20,23,,,,1943.55679,53,,11.5,10.4
2022,MO,MO22,9,,,922,08WA-53,134,,189,210,21,21,,,,1782.15415,50.6,,13.8,10.4
2022,MO,MO22,9,,,923,08N2-79,115,,189,210,21,21,,,,2461.39026,51.2,,13.8,10.2
2022,MO,MO22,10,,,1001,08N2-23,95,,190,214,24,21,,,,1795.60437,49.6,,14.5,10
2022,MO,MO22,10,,,1002,Odyssey,237,,190,213,23,21,,,,2400.86427,50.1,,14.5,10.3
2022,MO,MO22,10,,,1003,08WA-21,126,,189,210,21,22,,,,2716.94444,50.2,,16.6,9.4
2022,MO,MO22,10,,,1004,09N2-18,153,,187,212,25,22,,,,2784.19554,52,,13.4,9.5
2022,MO,MO22,10,,,1005,08AB-34,78,,189,210,21,23,,,,1755.25371,48.8,,17.1,10.4
2022,MO,MO22,10,,,1006,07N2-14,41,,188,212,24,20,,,,2696.76911,53.9,,14.9,10.3
2022,MO,MO22,10,,,1007,07N2-17,43,,188,211,23,18,,,,1788.87926,54.6,,12.8,9.6
2022,MO,MO22,10,,,1008,07AB-85,33,,189,212,23,19,,,,1607.30129,48.3,,16.8,9.9
2022,MO,MO22,10,,,1009,08N2-51,103,,187,209,22,21,,,,2468.11537,52.6,,13.4,10.2
2022,MO,MO22,10,,,1010,2MS14_3301-016,185,,190,213,23,17,,,,1519.87486,49,,14.5,10.2
2022,MO,MO22,10,,,1011,09AB-59,141,,191,213,22,24,,,,1553.50041,51.3,,15.2,10.1
2022,MO,MO22,10,,,1012,08WA-48,133,,189,213,24,21,,,,2636.24312,53.9,,11.7,9.9
2022,MO,MO22,10,,,1013,2MS14_3306-013,192,,189,212,23,19,,,,1297.94623,51.8,,14.6,9.5
2022,MO,MO22,10,,,1014,09N2-60,163,,189,211,22,22,,,,860.81408,49.6,,17,10
2022,MO,MO22,10,,,1015,07N2-21,46,,189,211,22,15,,,,1062.56738,52.2,,14.1,10.1
2022,MO,MO22,10,,,1016,Merit57,236,,189,213,24,20,,,,1318.12156,47.6,,15.7,10
2022,MO,MO22,10,,,1017,08N2-95,119,,189,210,21,20,,,,2057.88366,51.1,,12.6,10.2
2022,MO,MO22,10,,,1018,2MS14_3306-007,191,,188,213,25,21,,,,2131.85987,51.4,,12.8,9.9
2022,MO,MO22,10,,,1019,Hockett,234,,188,213,25,23,,,,2219.2863,51.3,,13.6,10.6
2022,MO,MO22,10,,,1020,06N2-51,13,,188,213,25,23,,,,2017.533,52.3,,13.3,10.1
2022,MO,MO22,10,,,1021,Lavina,235,,188,212,24,21,,,,,47.2,,14,9.6
2022,MO,MO22,10,,,1022,09N2-72,173,,189,211,22,24,,,,1876.30569,51,,14.8,9.7
2022,MO,MO22,10,,,1023,07N2-23,47,,189,214,25,22,,,,2454.66515,51.7,,14.9,10.3
2022,MO,MO22,11,,,1101,08MT-60,87,,192,208,16,26,,,,,51.6,,19,10.7
2022,MO,MO22,11,,,1102,2MS14_3302-011,187,,187,210,23,22,,,,2252.91185,53.4,,13.7,10.1
2022,MO,MO22,11,,,1103,06N2-81,20,,186,210,24,23,,,,1788.87926,53.7,,11.7,10.3
2022,MO,MO22,11,,,1104,09AB-87,142,,191,210,19,19,,,,1203.79469,49.3,,14.6,10.7
2022,MO,MO22,11,,,1105,08AB-14,72,,190,210,20,22,,,,1472.79909,48.5,,16.9,9.8
2022,MO,MO22,11,,,1106,2MS14_3308-025,196,,186,209,23,25,,,,2333.61317,52.8,,14.7,9.5
2022,MO,MO22,11,,,1107,Odyssey,237,,191,210,19,22,,,,2158.76031,51.8,,12.7,10.1
2022,MO,MO22,11,,,1108,09N2-91,178,,190,210,20,22,,,,1405.54799,50,,12.6,10.2
2022,MO,MO22,11,,,1109,06WA-90,24,,188,205,17,24,,,,2421.0396,51.3,,12.5,10.1
2022,MO,MO22,11,,,1110,Lavina,235,,189,208,19,22,,,,,47.2,,16,10
2022,MO,MO22,11,,,1111,09N2-31,156,,189,210,21,25,,,,2158.76031,53.8,,12.9,9.2
2022,MO,MO22,11,,,1112,2MS14_3342-010,228,,189,208,19,22,,,,2259.63696,52.1,,15,10.1
2022,MO,MO22,11,,,1113,07N2-19,44,,187,210,23,21,,,,2394.13916,54.5,,13.6,10
2022,MO,MO22,11,,,1114,08WA-16,124,,190,209,19,20,,,,1735.07838,52.1,,12.1,9.6
2022,MO,MO22,11,,,1115,09WA-10,181,,189,210,21,18,,,,1593.85107,55,,10.6,9.7
2022,MO,MO22,11,,,1116,06N2-15,6,,189,212,23,26,,,,1513.14975,54.3,,13.4,9.6
2022,MO,MO22,11,,,1117,09N2-86,176,,191,211,20,23,,,,2831.27131,48,,13.6,10.5
2022,MO,MO22,11,,,1118,09N2-21,154,,189,210,21,20,,,,2616.06779,51,,11.7,10.4
2022,MO,MO22,11,,,1119,Hockett,234,,187,210,23,23,,,,2918.69774,52.7,,15.3,9.9
2022,MO,MO22,11,,,1120,07N2-37,52,,187,208,21,20,,,,2542.09158,53.9,,14.7,10.1
2022,MO,MO22,11,,,1121,Merit57,236,,190,210,20,23,,,,2299.98762,47.8,,16.4,10.6
2022,MO,MO22,11,,,1122,08AB-07,68,,191,214,23,21,,,,1755.25371,48.1,,18,10.8
2022,MO,MO22,11,,,1123,06N2-35,10,,186,209,23,23,,,,1997.35767,54,,12.8,10.1
2022,MO,MO22,12,,,1201,2MS14_3304-022,189,,189,213,24,23,,,,2965.77351,52.9,,13.4,9.8
2022,MO,MO22,12,,,1202,07AB-55,26,,191,215,24,24,,,,3120.45104,51.4,,15.6,10.1
2022,MO,MO22,12,,,1203,2MS14_3342-013,229,,191,215,24,26,,,,3732.43605,51.2,,13.5,10.1
2022,MO,MO22,12,,,1204,Merit57,236,,190,215,25,21,,,,2306.71273,47.3,,15.8,10.1
2022,MO,MO22,12,,,1205,Hockett,234,,190,213,23,21,,,,2199.11097,51.5,,13.4,9.9
2022,MO,MO22,12,,,1206,2MS14_3342-009,227,,189,212,23,23,,,,2279.81229,50.6,,15.8,10.7
2022,MO,MO22,12,,,1207,2MS14_3310-009,198,,189,214,25,23,,,,2064.60877,49,,15.4,10.2
2022,MO,MO22,12,,,1208,07AB-92,36,,189,210,21,22,,,,2004.08278,53.8,,12.2,9.8
2022,MO,MO22,12,,,1209,08N2-42,99,,188,212,24,20,,,,780.11276,52.2,,11.2,9.5
2022,MO,MO22,12,,,1210,Lavina,235,,187,212,25,15,,,,,49.3,,16,10
2022,MO,MO22,12,,,1211,07N2-20,45,,187,212,25,20,,,,322.80528,,,11.9,10
2022,MO,MO22,12,,,1212,09MT-88,149,,190,213,23,22,,,,1640.92684,51.4,,13.3,9.9
2022,MO,MO22,12,,,1213,07AB-56,27,,189,213,24,23,,,,2131.85987,52.5,,14.5,10.1
2022,MO,MO22,12,,,1214,09MT-92,150,,187,213,26,21,,,,1768.70393,52.6,,14.1,9.8
2022,MO,MO22,12,,,1215,06WA-58,23,,188,210,22,21,,,,1553.50041,52.2,,14.4,9.4
2022,MO,MO22,12,,,1216,08N2-21,93,,189,213,24,24,,,,954.96562,52.4,,11.4,9.4
2022,MO,MO22,12,,,1217,08AB-02,66,,191,213,22,17,,,,1566.95063,48.5,,13.9,10.2
2022,MO,MO22,12,,,1218,Odyssey,237,,190,213,23,23,,,,2750.56999,50.8,,12.7,10.3
2022,MO,MO22,12,,,1219,08MT-31,85,,191,213,22,23,,,,3174.25192,51.7,,14.6,10.5
2022,MO,MO22,12,,,1220,08WA-27,129,,189,213,24,22,,,,3133.90126,51.7,,12.3,9.9
2022,MO,MO22,12,,,1221,2MS14_3342-004,226,,189,213,24,21,,,,2447.94004,51.3,,12.6,9.5
2022,MO,MO22,12,,,1222,06N2-26,8,,190,214,24,23,,,,1318.12156,53.3,,11.2,9.7
2022,MO,MO22,12,,,1223,06WA-39,22,,190,214,24,23,,,,1930.10657,49.8,,15.3,10.4
2022,SD,SD22,1,1,1,101,2MS14_3302-026,188,0.74,196,224,28,22.4,342,613.5,,2235,41.8,95.14925373,13.21,17.9
2022,SD,SD22,1,1,2,102,2MS14_3340-025,225,0.95,195,215,20,22.4,456,580.8,,2850,40.7,90.90909091,13.68,15.7
2022,SD,SD22,1,1,3,103,08AB-48,81,1.273333,202,225,23,21.5,452,632.4,,3077,43.2,75.8302583,13.32,17.3
2022,SD,SD22,1,2,1,104,08N2-68,109,0.593333,196,227,31,20.6,297,550.9,,2300,42.5,93.98058252,12.36,23.4
2022,SD,SD22,1,2,2,105,2MS14_3335-007,218,0.41875,198,225,27,23.4,495,732.8,,3895,44.7,67.21991701,15.03,17.4
2022,SD,SD22,1,2,3,106,07AB-80,30,0.79,198,224,26,24.3,350,658.8,,3849,43.6,77.36220472,13.6,16.8
2022,SD,SD22,1,3,1,107,08AB-46,79,0.951667,193,221,28,23.8,375,612.3,,3445,42.7,88.55799373,13.95,17
2022,SD,SD22,1,3,2,108,09N2-37,157,0.621667,200,216,16,22,537,673.7,,3625,44.7,85.45081967,12.54,15.9
2022,SD,SD22,1,3,3,109,09N2-51,161,0.636667,198,223,25,21.7,541,720.8,,3850,44.1,87.64258555,13.65,15.4
2022,SD,SD22,1,4,1,110,Lavina,235,0.475,192,214,22,23.8,373,608.3,,3548,40.3,84.12098299,14.36,15.7
2022,SD,SD22,1,4,2,111,09N2-38,158,0.496667,192,217,25,23.8,493,602.6,,3241,42.1,33.87755102,12.14,15.5
2022,SD,SD22,1,4,3,112,Odyssey,237,0.378333,196,219,23,22,419,716.8,,3731,42.9,90.8438061,11.8,14.5
2022,SD,SD22,1,5,1,113,2MS14_3336-002,219,0.888333,189,217,28,21.7,431,649,,3780,44,90.01996008,13.99,16
2022,SD,SD22,1,5,2,114,09MT-37,145,0.53,190,216,26,24.9,440,530,,3491,42.6,86.22641509,11.6,16.3
2022,SD,SD22,1,5,3,115,2MS14_3346-002,233,0.778,197,221,24,21.4,567,696.6,,3424,45.2,95.52495697,13.38,15.2
2022,SD,SD22,1,6,1,116,08AB-01,65,0.578333,201,228,27,19.2,311,470.6,,2256,38.1,91.44981413,14.24,25.5
2022,SD,SD22,1,6,2,117,2MS14_3316-005,208,0.41,194,216,22,20.6,517,686.5,,3467,43.5,92.43542435,12.76,15.4
2022,SD,SD22,1,6,3,118,Hockett,234,0.721667,192,218,26,22.3,496,796,,3819,45.9,81.3229572,12.61,14.7
2022,SD,SD22,1,7,1,119,Merit57,236,0.541667,196,221,25,21.3,477,559.7,,3400,41.9,86.32162662,13.26,16.2
2022,SD,SD22,1,7,2,120,09N2-64,167,0.655,196,217,21,22.4,497,631.7,,3023,41.9,92.22011385,12.39,16
2022,SD,SD22,1,7,3,121,08N2-90,117,0.76875,193,222,29,21.5,432,722.2,,3951,45.2,92.41803279,12.53,15.6
2022,SD,SD22,1,8,1,122,07N2-47,57,0.545714,189,217,28,23.4,282,472.2,,3085,42.4,74.35424354,13.18,15.7
2022,SD,SD22,1,8,2,123,09WA-39,183,0.686667,195,220,25,22.6,481,661.6,,3452,43.3,94.57504521,14.25,15.3
2022,SD,SD22,1,8,3,124,08N2-47,100,1.03,187,215,28,23.2,402,621.6,,3720,43.3,86.36363636,11.78,15.1
2022,SD,SD22,2,1,4,201,07AB-91,35,0.601667,195,220,25,21.3,533,544.6,,3561,44.5,96.08294931,13.01,15.9
2022,SD,SD22,2,1,5,202,2MS14_3342-018,230,0.571667,198,225,27,22.2,463,612.3,,2777,42.1,95.58823529,13.92,17.2
2022,SD,SD22,2,1,6,203,2MS14_3340-022,224,0.64,199,222,23,25.3,353,564.7,,3298,42.9,38.93557423,13.29,16.3
2022,SD,SD22,2,2,4,204,09N2-39,159,0.95,190,217,27,21.4,647,796.5,,3914,44.5,85.42510121,13.18,16.2
2022,SD,SD22,2,2,5,205,09N2-48,160,0.77,190,217,27,21.4,300,761.1,,3562,42.2,91.70506912,13.18,15.4
2022,SD,SD22,2,2,6,206,08AB-24,76,0.88,200,224,24,22.2,394,679.1,,3122,40.7,68.95910781,14.39,17.1
2022,SD,SD22,2,3,4,207,06WA-38,21,0.833333,194,222,28,21,572,658.8,,3059,43.5,83.8012959,15.17,15
2022,SD,SD22,2,3,5,208,2MS14_3317-016,212,0.505,195,224,29,19.4,408,575.8,,2634,45.9,89.79591837,11.4,16.6
2022,SD,SD22,2,3,6,209,Hockett,234,0.65,196,218,22,21.4,559,654.6,,3221,43.1,93.5483871,12.35,15.8
2022,SD,SD22,2,4,4,210,09MT-93,151,0.786,191,218,27,23.4,504,608.9,,3556,42.2,71.48217636,11.13,15.3
2022,SD,SD22,2,4,5,211,Lavina,235,0.498333,192,215,23,21.9,445,740.9,,3066,37.7,84.08644401,13.85,15.5
2022,SD,SD22,2,4,6,212,07AB-51,25,0.665,198,225,27,23.4,391,699.5,,3221,43.1,90.07352941,14,23.1
2022,SD,SD22,2,5,4,213,2MS14_3336-016,220,0.61,189,219,30,22.8,589,780.5,,4128,44.7,94.73684211,12.89,16.1
2022,SD,SD22,2,5,5,214,2MS14_3310-012,199,1.215,191,219,28,21.8,324,621.4,,3585,44.6,86.60377358,13.51,15.2
2022,SD,SD22,2,5,6,215,08N2-93,118,0.795,192,218,26,23.8,404,757,,3407,43,79.44444444,12.77,16.1
2022,SD,SD22,2,6,4,216,09AB-51,139,1.19,200,222,22,23,620,867.7,,3720,43.4,82.47619048,13.15,15.1
2022,SD,SD22,2,6,5,217,Merit57,236,0.555,199,220,21,20.1,535,680.7,,2876,39.9,84.96376812,12.96,16.2
2022,SD,SD22,2,6,6,218,2MS14_3310-019,202,0.671667,194,218,24,24.1,728,1028.3,,3524,43.5,73.00724638,12.88,15.7
2022,SD,SD22,2,7,4,219,07AB-84,32,0.945,203,220,17,23.2,858,889,,3202,43.2,89.29961089,14.2,14.6
2022,SD,SD22,2,7,5,220,Odyssey,237,0.516667,198,220,22,21.7,380,568.8,,3045,41.1,82.89473684,12.57,15.1
2022,SD,SD22,2,7,6,221,07N2-45,55,0.676667,189,218,29,19.4,540,618.8,,3261,44,85.91836735,13.12,15.5
2022,SD,SD22,2,8,4,222,09N2-68,171,1.103333,192,219,27,23.4,452,734.8,,3192,41,89.59107807,12.94,16.2
2022,SD,SD22,2,8,5,223,09N2-96,180,0.626667,195,217,22,21.7,399,588.5,,3422,40.2,69.86564299,11.91,16.3
2022,SD,SD22,2,8,6,224,08N2-54,106,0.811667,188,215,27,23.5,640,720.8,,3109,40.9,93.37349398,12.66,15.8
2022,SD,SD22,3,1,7,301,08N2-71,112,0.491667,194,224,30,20.1,493,868.9,,3279,43,91.30434783,12.63,17.8
2022,SD,SD22,3,1,8,302,06N2-47,11,0.656,193,220,27,20.2,479,711.6,,2910,44.1,90.4587156,13.2,15.8
2022,SD,SD22,3,1,9,303,09WA-30,182,0.586667,204,225,21,19.4,434,483.3,,2460,42.3,,14.52,22.4
2022,SD,SD22,3,2,7,304,2MS14_3317-025,214,0.485,198,219,21,20.7,461,655.6,,2994,45,84.72998138,13.72,16.5
2022,SD,SD22,3,2,8,305,09MT-75,147,0.366667,201,222,21,23,520,678.3,,3071,42.3,87.73234201,13.35,26.7
2022,SD,SD22,3,2,9,306,2MS14_3306-017,193,0.458333,201,222,21,20.7,489,727.2,,2746,44.3,77.03435805,13.76,21
2022,SD,SD22,3,3,7,307,2MS14_3324-018,216,0.51,200,221,21,21.3,586,825.3,,3424,44.7,69.29133858,12.59,15.1
2022,SD,SD22,3,3,8,308,09N2-61,164,0.658333,197,221,24,21.9,549,760.4,,2270,38.8,92.32111693,13.42,23.9
2022,SD,SD22,3,3,9,309,Merit57,236,0.47,198,225,27,20.2,551,604.8,,2691,41.1,86.94779116,13.61,16.7
2022,SD,SD22,3,4,7,310,Odyssey,237,0.445,198,220,22,20.6,582,684,,2611,38.7,93.87351779,12.56,15.3
2022,SD,SD22,3,4,8,311,09AB-27,137,0.633333,201,221,20,21.8,296,620.2,,2792,41.1,77.71639042,13.55,16.8
2022,SD,SD22,3,4,9,312,2MS14_3340-013,223,0.591667,202,222,20,19.9,515,637.8,,2998,39.9,76.65441176,13.38,17.1
2022,SD,SD22,3,5,7,313,06N2-14,5,0.855,198,222,24,20.1,492,652.6,,3881,42.6,84.39201452,13.46,16.1
2022,SD,SD22,3,5,8,314,08N2-70,111,0.756667,195,222,27,21.1,619,787.7,,3737,42.2,92.70072993,12.34,16.8
2022,SD,SD22,3,5,9,315,08N2-69,110,0.56,194,222,28,21,595,756.8,,3060,40.3,34.3079922,12.73,17.4
2022,SD,SD22,3,6,7,316,09MT-34,144,0.775,192,216,24,20.3,434,563.6,,2813,42.1,88.13559322,11.38,15.8
2022,SD,SD22,3,6,8,317,06N2-67,18,0.508333,195,220,25,19.7,310,428.4,,3116,42.2,89.47368421,13.76,15.7
2022,SD,SD22,3,6,9,318,07AB-59,28,0.543333,204,225,21,18.6,528,590.4,,2431,41.2,92.68738574,13.96,17.1
2022,SD,SD22,3,7,7,319,08N2-78,114,0.654286,189,217,28,22.8,433,625.3,,3375,41.2,84.5045045,12.58,15.9
2022,SD,SD22,3,7,8,320,08WA-11,122,0.56,198,220,22,19.2,413,585.1,,3180,41.4,66.52360515,12.34,15.3
2022,SD,SD22,3,7,9,321,07BA-94,38,0.783333,204,221,17,20.9,585,630.5,,2684,42.9,85.52875696,13,16.9
2022,SD,SD22,3,8,7,322,Lavina,235,0.625,192,215,23,20.7,615,541.7,,2801,37.2,94.89795918,13.47,17.1
2022,SD,SD22,3,8,8,323,09AB-29,138,0.626667,196,216,20,19.2,418,399.9,,2868,38.1,77.45901639,13,17.3
2022,SD,SD22,3,8,9,324,Hockett,234,0.843333,199,219,20,17.3,450,536.5,,2398,39.2,76.75675676,13.11,17.9
2022,SD,SD22,4,9,1,401,08AB-17,73,0.763333,200,222,22,20.1,311,544.2,,2719,39.1,77.73788151,14.09,17.8
2022,SD,SD22,4,9,2,402,2MS14_3317-014,211,0.615,200,222,22,22.6,626,661.7,,3205,44.7,95.37572254,12.52,15.8
2022,SD,SD22,4,9,3,403,06AB-08,1,0.675,199,222,23,21.3,702,917.6,,3227,44.2,95.32163743,13.32,15
2022,SD,SD22,4,10,1,404,08N2-82,116,0.862,188,212,24,20.6,480,528.3,,2974,38.5,95.25616698,13.72,17.2
2022,SD,SD22,4,10,2,405,08AB-31,77,0.592857,201,219,18,21.8,486,587.1,,2978,41.8,81.71641791,14.29,15.8
2022,SD,SD22,4,10,3,406,09N2-93,179,0.828333,188,214,26,24.1,476,716.9,,3845,44,33.75262055,12.71,15
2022,SD,SD22,4,11,1,407,Lavina,235,0.675,192,213,21,20.1,752,696.7,,2856,36.5,91.0331384,13.26,16.7
2022,SD,SD22,4,11,2,408,2MS14_3310-017,200,0.815714,194,218,24,24.7,518,806.1,,4156,43.9,88.86925795,12.83,15.5
2022,SD,SD22,4,11,3,409,2MS14_3312-012,203,0.968333,189,220,31,23.1,705,700.6,,3163,45.6,65.94982079,12.64,14.8
2022,SD,SD22,4,12,1,410,2MS14_3316-020,209,0.65,196,212,16,19.4,561,651.5,,3153,40.6,83.87096774,14.39,16
2022,SD,SD22,4,12,2,411,07N2-01,40,0.898333,191,216,25,22.3,502,615.9,,3492,42.8,73.62428843,13.89,14.8
2022,SD,SD22,4,12,3,412,08WA-46,132,0.931667,192,214,22,20.1,485,752.7,,3626,42.3,94.07407407,14.47,15
2022,SD,SD22,4,13,1,413,07AB-81,31,0.67,200,220,20,22.6,707,851.4,,2779,41.4,88.18011257,14.61,16.6
2022,SD,SD22,4,13,2,414,Odyssey,237,0.73,198,219,21,21.7,651,665.8,,3671,41.3,82.48472505,12.49,14.6
2022,SD,SD22,4,13,3,415,08AB-47,80,0.831667,200,222,22,21,631,736.2,,3534,42.1,80.26819923,12.49,15.2
2022,SD,SD22,4,14,1,416,2MS14_3310-018,201,0.895714,198,221,23,20.1,592,611.6,,3580,42.5,85.60311284,13.18,16.3
2022,SD,SD22,4,14,2,417,Merit57,236,0.74,198,219,21,20.9,491,587.1,,3685,43.5,91.28113879,12.87,15.2
2022,SD,SD22,4,14,3,418,2MS14_3305-002,190,0.595,194,220,26,24,370,604.2,,4194,44.7,92.70462633,13.52,15.1
2022,SD,SD22,4,15,1,419,08MT-11,83,0.47,194,211,17,21.7,720,679.7,,2663,41.4,80.64516129,14.83,16.9
2022,SD,SD22,4,15,2,420,07N2-56,58,0.775,189,215,26,19,558,588.1,,2552,42.8,81.13879004,13.96,15.4
2022,SD,SD22,4,15,3,421,2MS14_3315-015,207,0.561429,192,218,26,23.1,635,895.1,,3995,45.4,97.33096085,11.99,14.1
2022,SD,SD22,4,16,1,422,Hockett,234,0.71,192,220,28,23,648,748.6,,3409,43.1,84.07643312,12.5,15.7
2022,SD,SD22,4,16,2,423,06N2-54,15,1.088571,188,215,27,25.2,560,865.2,,3652,44.7,87.94466403,11.99,15.5
2022,SD,SD22,4,16,3,424,07AB-93,37,0.603333,193,215,22,24.1,786,782.2,,3488,45,90.78947368,14.03,13.9
2022,SD,SD22,5,9,4,501,08N2-66,108,0.643333,202,222,20,21.5,586,620.7,,2978,41.4,92.09486166,12.54,15.1
2022,SD,SD22,5,9,5,502,07N2-25,48,0.725,196,222,26,22.6,555,812.4,,2415,42.2,27.98353909,13.2,16.3
2022,SD,SD22,5,9,6,503,Lavina,235,0.4,193,215,22,21.7,510,642.7,,2955,37.7,81.22529644,14.05,16.2
2022,SD,SD22,5,10,4,504,2MS14_3317-018,213,0.695,194,222,28,21.1,641,833.6,,3738,46.8,81.06382979,12.53,15.5
2022,SD,SD22,5,10,5,505,Merit57,236,0.563333,197,219,22,21.5,543,683.5,,3004,40.3,65.24163569,12.95,15.1
2022,SD,SD22,5,10,6,506,08AB-05,67,0.698333,204,226,22,19.8,571,579.9,,2327,40.6,92.15328467,13.14,18
2022,SD,SD22,5,11,4,507,Odyssey,237,0.433333,198,221,23,21,606,784.2,,3709,42.3,94.30255403,12.25,14.4
2022,SD,SD22,5,11,5,508,07WA-45,64,0.586667,200,221,21,20.9,514,668.6,,2590,42.6,79.21568627,13.29,15.4
2022,SD,SD22,5,11,6,509,Hockett,234,0.673333,196,218,22,19.3,557,680.9,,3014,43.1,83.22033898,12.63,15.4
2022,SD,SD22,5,12,4,510,09MT-62,146,0.748333,199,225,26,23.5,540,894.8,,3606,45.5,89.82035928,12.39,15.1
2022,SD,SD22,5,12,5,511,2MS14_3309-029,197,0.721667,201,222,21,20.6,440,664.7,,2535,42.3,93.05555556,13.91,16.2
2022,SD,SD22,5,12,6,512,09N2-63,166,1.181667,193,220,27,20.3,636,852.7,,3047,42.4,85.27724665,12.43,15.6
2022,SD,SD22,5,13,4,513,09N2-16,152,0.76,193,224,31,24.1,577,872.9,,3407,44.3,63.8996139,13.05,15.9
2022,SD,SD22,5,13,5,514,06N2-02,4,0.888333,191,216,25,20.6,506,617.3,,2745,42.6,86.84210526,13.62,15
2022,SD,SD22,5,13,6,515,08N2-36,98,0.913333,189,213,24,22,662,817.5,,2920,43.5,66.92160612,12.61,15.6
2022,SD,SD22,5,14,4,516,07N2-28,49,0.716667,199,228,29,23.5,529,743,,3361,41.5,70.96774194,12.97,28.5
2022,SD,SD22,5,14,5,517,07WA-17,63,0.66,195,212,17,20.9,473,560.8,,2804,39.5,93.93382353,13.17,16.5
2022,SD,SD22,5,14,6,518,09N2-69,172,1.058333,196,220,24,22.7,461,643.9,,3082,42.7,91.41221374,12.66,15.9
2022,SD,SD22,5,15,4,519,08MT-73,88,0.718333,202,219,17,20.7,682,821.9,,3655,46.4,75.62862669,12.81,14.1
2022,SD,SD22,5,15,5,520,08WA-20,125,0.536667,199,219,20,20.2,625,820.9,,3625,44.3,80.75471698,13.02,14.8
2022,SD,SD22,5,15,6,521,2MS14_3345-013,232,0.643333,192,221,29,22.7,655,819.4,,3735,45,95.72301426,12.85,15.1
2022,SD,SD22,5,16,4,522,08WA-23,127,0.468333,196,218,22,22.6,771,920.7,,3242,43.3,94.67680608,12.8,15.3
2022,SD,SD22,5,16,5,523,07WA-12,62,1.04,196,217,21,21.5,546,680,,3538,41.6,91.30434783,13.51,15.9
2022,SD,SD22,6,9,7,601,2MS14_3340-004,222,0.483333,200,222,22,24,415,680.5,,2748,41.6,94.0952381,12.75,16.3
2022,SD,SD22,6,9,8,602,07N2-46,56,0.697143,192,217,25,17.6,420,470.3,,2650,41.5,74.52471483,12.49,16.4
2022,SD,SD22,6,9,9,603,Merit57,236,0.446667,200,220,20,19.6,396,526.3,,2060,38.9,34.6473029,13.52,17.8
2022,SD,SD22,6,10,7,604,2MS14_3315-005,206,0.888333,199,220,21,20.6,434,605.9,,2898,40.2,79.72709552,14,16.3
2022,SD,SD22,6,10,8,605,09MT-22,143,0.628571,194,219,25,20.3,481,579,,2948,40.2,94.44444444,12.05,17.1
2022,SD,SD22,6,10,9,606,08N2-64,107,0.635,193,218,25,21.4,424,549.2,,2370,39.4,83.70221328,12.11,16.5
2022,SD,SD22,6,11,7,607,2MS14_3301-001,184,0.585,199,218,19,19.3,426,505.1,,2901,45.9,92.81045752,12.97,19.6
2022,SD,SD22,6,11,8,608,09N2-83,174,0.381429,194,217,23,19.7,477,533.8,,2953,41.9,75.60073937,12.92,16.2
2022,SD,SD22,6,11,9,609,08WA-02,120,0.455714,201,224,23,19,287,453.4,,1550,36.1,69.69111969,14.95,23.7
2022,SD,SD22,6,12,7,610,2MS14_3308-020,195,0.761429,196,217,21,21.1,498,593.5,,2782,41.2,89.31451613,13.61,16.7
2022,SD,SD22,6,12,8,611,08WA-32,130,0.895714,202,217,15,18.8,390,466.7,,2706,39.6,64.55938697,14.21,23.2
2022,SD,SD22,6,12,9,612,07N2-43,54,0.693333,190,215,25,20.2,371,594.6,,2710,37.4,96.06741573,13.95,18
2022,SD,SD22,6,13,7,613,08AB-13,71,0.908333,201,220,19,19.8,424,532.1,,2796,40.1,69.15322581,12.03,16.6
2022,SD,SD22,6,13,8,614,09N2-90,177,0.635,198,218,20,19.6,355,523.8,,2848,39,70.93023256,13.34,16.6
2022,SD,SD22,6,13,9,615,08N2-34,97,0.873333,191,216,25,21.1,392,582.9,,3061,40.1,88.0733945,13.13,17.1
2022,SD,SD22,6,14,7,616,Odyssey,237,0.601667,198,219,21,21.4,485,684.2,,3425,41.7,88.46880907,11.95,15.1
2022,SD,SD22,6,14,8,617,Hockett,234,0.866667,198,219,21,21,579,821.9,,3442,40.3,93.91634981,12.51,16.3
2022,SD,SD22,6,14,9,618,06N2-53,14,0.764286,190,216,26,25.7,582,657.4,,2652,39.6,92.48554913,12.63,23
2022,SD,SD22,6,15,7,619,08N2-52,104,0.706667,188,217,29,22.7,431,836.5,,3080,43.6,85.9430605,11.91,14.9
2022,SD,SD22,6,15,8,620,08N2-48,101,0.841667,190,219,29,20.7,670,723.2,,3578,44.2,75.09960159,11.9,15.6
2022,SD,SD22,6,15,9,621,Lavina,235,0.607143,192,213,21,23.2,523,707.1,,3333,39.1,71.18320611,13.14,16.2
2022,SD,SD22,6,16,7,622,07N2-36,51,1.301667,188,209,21,21.7,335,549.8,,2878,37.7,76.41509434,14.34,15.5
2022,SD,SD22,6,16,8,623,2MS14_3314-015,205,1.1,196,220,24,20.5,530,617.8,,3626,42.5,79.39508507,12.61,15.2
2022,SD,SD22,7,17,1,701,08AB-22,74,0.58125,198,220,22,22,320,629,,3632,42.6,84.11764706,13.65,17.1
2022,SD,SD22,7,17,2,702,Hockett,234,0.996667,194,217,23,22.7,611,791,,3205,43.8,88.36363636,12.99,23.6
2022,SD,SD22,7,17,3,703,Odyssey,237,0.808333,196,220,24,21.9,736,808.2,,3822,42.7,89.30693069,12,14
2022,SD,SD22,7,18,1,704,09N2-29,155,1.19,189,220,31,21.5,613,745.6,,4039,43.1,75.35971223,12.02,16.6
2022,SD,SD22,7,18,2,705,07N2-68,60,0.895,194,224,30,21.9,669,780.3,,3475,43.7,46.33663366,12.96,25.9
2022,SD,SD22,7,18,3,706,2MS14_3307-008,194,0.723333,201,221,20,22.2,555,801.3,,3687,43.7,85.38461538,13.2,15.3
2022,SD,SD22,7,19,1,707,06AB-32,2,0.901667,196,217,21,20.2,416,512.7,,3134,41.7,89.60573477,13.6,16.3
2022,SD,SD22,7,19,2,708,08WA-24,128,0.82,200,222,22,21.7,522,668.5,,3607,43.2,79.77736549,13.62,15.3
2022,SD,SD22,7,19,3,709,09N2-62,165,0.823333,191,220,29,23.6,578,811.8,,3755,42.5,,12.07,15.2
2022,SD,SD22,7,20,1,710,08N2-18,91,0.8,191,219,28,21.4,497,657.7,,3808,41.3,93.70503597,14.1,15.9
2022,SD,SD22,7,20,2,711,07N2-41,53,0.858333,189,213,24,22.8,726,793.9,,3443,42.7,95.8,15.07,14.7
2022,SD,SD22,7,20,3,712,08N2-27,96,1.125,188,218,30,23.2,658,706.7,,3896,43.4,92.47104247,12.08,15.1
2022,SD,SD22,7,21,1,713,2MS14_3337-013,221,0.591667,196,220,24,24.5,467,616.1,,4168,42.4,93.37349398,12.94,15.5
2022,SD,SD22,7,21,2,714,07N2-29,50,0.6,199,227,28,21,462,630,,2754,40.5,91.90871369,13.06,27.7
2022,SD,SD22,7,21,3,715,08N2-49,102,1.02,189,219,30,23.6,801,894.7,,3761,45.7,82.04633205,12.09,15.5
2022,SD,SD22,7,22,1,716,Lavina,235,0.781667,192,213,21,23.2,530,567.5,,3472,39.6,90.50387597,14.03,15.6
2022,SD,SD22,7,22,2,717,07N2-83,61,0.621667,193,220,27,23.9,517,719.9,,3533,43.3,92.61261261,13.44,15.3
2022,SD,SD22,7,22,3,718,08MT-36,86,0.906667,198,219,21,23.6,641,825.7,,3982,42.1,80.72519084,12.86,14.1
2022,SD,SD22,7,23,1,719,08MT-03,82,0.583333,193,219,26,23.5,490,686.7,,3713,43.3,85.28827038,13.63,14.6
2022,SD,SD22,7,23,2,720,08N2-22,94,0.588571,190,218,28,22.8,724,796,,4011,44.2,89.52380952,12.61,14.9
2022,SD,SD22,7,23,3,721,08WA-34,131,0.735,197,221,24,23.9,643,806.1,,3863,42.7,88.58800774,13.17,15
2022,SD,SD22,7,24,1,722,Merit57,236,0.58,199,225,26,22.6,618,672.6,,3116,41.2,93.51669941,13.65,16
2022,SD,SD22,7,24,2,723,08WA-15,123,0.82,188,216,28,25.5,464,718.9,,3804,45,74.10358566,12.67,14.7
2022,SD,SD22,8,17,4,801,Hockett,234,0.798333,195,218,23,20.9,621,697.5,,4006,44.9,96.95340502,12.45,14.6
2022,SD,SD22,8,17,5,802,2MS14_3342-022,231,0.586667,196,224,28,25.1,483,616.2,,3813,44.8,77.16150082,13.46,16.1
2022,SD,SD22,8,17,6,803,2MS14_3318-006,215,0.964286,198,221,23,21.7,692,581.8,,3063,41.4,92.42174629,13.78,15.3
2022,SD,SD22,8,18,4,804,08N2-20,92,0.936667,190,222,32,21.8,525,611.3,,3129,44.4,90.53571429,12.39,15
2022,SD,SD22,8,18,5,805,06N2-56,16,1.006667,188,218,30,24.8,519,539.7,,3459,42.1,74.08829175,12.27,15.1
2022,SD,SD22,8,18,6,806,08AB-08,69,0.766667,205,228,23,21.5,405,437.4,,2970,43.1,88.24786325,13.45,26
2022,SD,SD22,8,19,4,807,08MT-79,89,1.155,195,219,24,20.9,698,721.2,,3761,44.1,44.55645161,13.53,14.5
2022,SD,SD22,8,19,5,808,07N2-16,42,0.905,192,225,33,23.1,649,726.9,,3477,42.8,84.33268859,13.04,14.7
2022,SD,SD22,8,19,6,809,Lavina,235,0.56,193,215,22,22.8,595,489.5,,3054,39.2,86.37992832,13.63,15.1
2022,SD,SD22,8,20,4,810,06N2-23,7,0.92,189,219,30,25.9,663,719.9,,4009,44.9,92.01451906,12.73,15.4
2022,SD,SD22,8,20,5,811,Odyssey,237,0.616667,199,221,22,19.7,778,714.3,,3991,39.8,86.01532567,13.04,15.3
2022,SD,SD22,8,20,6,812,Merit57,236,0.75,199,222,23,20.9,713,676,,3780,41.8,97.58364312,12.84,15.5
2022,SD,SD22,8,21,4,813,2MS14_3317-006,210,0.866667,193,218,25,25.7,588,635.3,,4521,46.6,86.67992048,12.36,14.5
2022,SD,SD22,8,21,5,814,09N2-66,169,0.716667,199,222,23,25.5,593,623.6,,3707,43.1,91.00204499,13.36,15.4
2022,SD,SD22,8,21,6,815,2MS14_3301-021,186,0.698333,192,219,27,21,468,484.8,,3168,43.8,72.79411765,12.85,15.9
2022,SD,SD22,8,22,4,816,09N2-67,170,0.588333,200,221,21,25.6,353,477.7,,3867,45.2,90.4296875,12.8,14.6
2022,SD,SD22,8,22,5,817,08WA-04,121,0.548333,196,219,23,23.9,736,711.4,,3811,43.4,91.33574007,13.31,14.6
2022,SD,SD22,8,22,6,818,08AB-09,70,0.617143,199,224,25,21.4,647,610.1,,3591,40.7,94.00749064,12.99,17
2022,SD,SD22,8,23,4,819,09N2-65,168,0.738333,196,217,21,21.4,621,678.1,,3836,41.6,89.27203065,12.11,15.5
2022,SD,SD22,8,23,5,820,08WA-58,135,0.76,199,222,23,24.4,612,785.3,,3803,43,95.78313253,12.87,14.5
2022,SD,SD22,8,23,6,821,06MT-93,3,1.016667,198,220,22,24.8,481,601.9,,4006,44.2,90.11627907,14.14,14.3
2022,SD,SD22,8,24,4,822,09N2-58,162,0.736667,192,215,23,25.1,625,631.9,,3409,40,88.34586466,13.83,14.8
2022,SD,SD22,8,24,5,823,07AB-89,34,0.99,204,224,20,24.1,460,642.1,,4339,43,89.43661972,13.91,15.1
2022,SD,SD22,9,17,7,901,Hockett,234,0.51,197,218,21,21.3,371,469.8,,3221,42.7,37.52310536,12.28,15.9
2022,SD,SD22,9,17,8,902,07N2-64,59,0.591667,193,219,26,20.7,388,464.8,,2804,40.6,82.73244782,11.92,15.9
2022,SD,SD22,9,17,9,903,Lavina,235,0.55125,192,213,21,20.2,376,434,,2845,37.1,85.22522523,13.05,16.3
2022,SD,SD22,9,18,7,904,Odyssey,237,0.986667,197,218,21,20.1,694,575.1,,3168,38.7,82.31292517,11.95,15.8
2022,SD,SD22,9,18,8,905,08AB-23,75,1.048333,202,217,15,19.8,326,395.3,,2810,40.8,75.26205451,13.22,13.6
2022,SD,SD22,9,18,9,906,06N2-64,17,0.585,202,219,17,17.3,534,681.6,,3206,39.8,90.49429658,13.39,16.1
2022,SD,SD22,9,19,7,907,08N2-53,105,0.642857,189,219,30,21.7,470,458.2,,3105,41,83.92857143,12.24,16.2
2022,SD,SD22,9,19,8,908,06N2-31,9,0.926667,192,221,29,20.5,459,630.2,,3634,43.7,81.93277311,11.16,16
2022,SD,SD22,9,19,9,909,08N2-17,90,0.938333,199,222,23,21.8,271,355.6,,3057,41.7,79.13533835,11.51,24.5
2022,SD,SD22,9,20,7,910,08MT-28,84,1.218333,201,226,25,25.2,448,518.4,,2793,40.7,87.27984344,12.82,16.7
2022,SD,SD22,9,20,8,911,2MS14_3312-020,204,0.698333,196,222,26,19.3,372,473.2,,3347,42.5,93.01075269,11.76,15.6
2022,SD,SD22,9,20,9,912,09AB-25,136,0.746667,203,227,24,19.3,485,526.7,,2495,40.8,80.51724138,13.06,17.6
2022,SD,SD22,9,21,7,913,09N2-84,175,0.811667,197,221,24,21.9,411,471.9,,3052,41.6,87.15953307,12.33,16.2
2022,SD,SD22,9,21,8,914,09AB-54,140,0.915,203,222,19,20.1,371,300.8,,2347,37.9,95.82542694,12.86,17.5
2022,SD,SD22,9,21,9,915,09MT-76,148,0.745714,198,226,28,23,412,551.1,,3608,43.7,93.08600337,11.81,16.5
2022,SD,SD22,9,22,7,916,06N2-79,19,0.741667,195,222,27,24.5,361,455.1,,2585,39.3,76.73179396,13.97,17.9
2022,SD,SD22,9,22,8,917,2MS14_3328-025,217,0.82,192,210,18,21.8,320,476.8,,3059,41.4,82.5426945,13.19,15.7
2022,SD,SD22,9,22,9,918,Merit57,236,0.933333,198,225,27,19.9,344,503.9,,2892,39.3,79.8,13.21,16.5
2022,SD,SD22,9,23,7,919,06N2-49,12,0.906667,189,218,29,20.9,503,577.3,,3431,42,80.47445255,12.58,15.4
2022,SD,SD22,9,23,8,920,07AB-63,29,0.793333,197,222,25,22.6,553,648.9,,3189,42.9,90.0952381,13.6,15.8
2022,SD,SD22,9,23,9,921,08N2-77,113,0.61,191,222,31,21.7,527,590,,3335,42.1,86.55616943,12.66,15.9
2022,SD,SD22,9,24,7,922,08WA-53,134,0.645,196,219,23,24.3,382,638.5,,3117,41.2,81.99643494,12.25,15.8
2022,SD,SD22,9,24,8,923,08N2-79,115,0.688333,193,217,24,21.3,478,528,,3449,41.5,89.35779817,12.53,16.3
2022,SD,SD22,10,25,1,1001,08N2-23,95,0.973333,199,223,24,22,589,663.6,,3891,40.9,80.36697248,12.25,16.2
2022,SD,SD22,10,25,2,1002,Odyssey,237,0.61,197,220,23,24.8,508,719.1,,3864,42.2,86.99808795,12.29,14.3
2022,SD,SD22,10,25,3,1003,08WA-21,126,1.033333,194,220,26,21.4,676,862,,4017,45.3,82.63473054,12.74,14
2022,SD,SD22,10,26,1,1004,09N2-18,153,0.79,188,216,28,26.1,539,674.1,,3832,40.5,78.81355932,12.56,15.3
2022,SD,SD22,10,26,2,1005,08AB-34,78,1.031667,199,224,25,23.5,693,788.3,,3362,42.1,88.7477314,14.58,15
2022,SD,SD22,10,26,3,1006,07N2-14,41,0.768333,193,224,31,21.5,472,729.3,,3392,42.7,74.76635514,13.95,17.1
2022,SD,SD22,10,27,1,1007,07N2-17,43,0.901667,192,227,35,22.6,,,,3603,40.2,86.79927667,12.7,15
2022,SD,SD22,10,27,2,1008,07AB-85,33,1.073333,201,224,23,24,445,631.9,,3532,44,91.09090909,14.39,15.5
2022,SD,SD22,10,27,3,1009,08N2-51,103,0.916667,187,220,33,24.4,522,605.3,,3614,43,95.34050179,12.05,14.9
2022,SD,SD22,10,28,1,1010,2MS14_3301-016,185,1.423333,189,216,27,25.3,548,652.3,,3589,39.8,90.82217973,12.47,15.8
2022,SD,SD22,10,28,2,1011,09AB-59,141,1.235,200,224,24,,694,873.1,,3518,44.4,76.59963437,14.61,15.6
2022,SD,SD22,10,28,3,1012,08WA-48,133,0.971667,193,220,27,21.3,618,869.5,,4381,43.7,92.30769231,12.89,14.9
2022,SD,SD22,10,29,1,1013,2MS14_3306-013,192,0.798333,192,220,28,24.5,433,606.5,,3869,42.3,81.70055453,13.19,15.8
2022,SD,SD22,10,29,2,1014,09N2-60,163,1.035,191,214,23,22.4,479,696.2,,3746,41.9,85.84229391,13.58,15.6
2022,SD,SD22,10,29,3,1015,07N2-21,46,0.705,189,219,30,23.4,413,537.5,,4204,42.5,63.22067594,11.81,14.9
2022,SD,SD22,10,30,1,1016,Merit57,236,0.923333,196,224,28,22.6,590,797.6,,3751,40.9,97.34345351,13.15,15.3
2022,SD,SD22,10,30,2,1017,08N2-95,119,0.986667,191,216,25,24,502,662.5,,3760,43,29.80392157,13.79,14.8
2022,SD,SD22,10,30,3,1018,2MS14_3306-007,191,1.018571,189,218,29,22.7,527,682.1,,4239,42.5,86.66666667,12.3,15.6
2022,SD,SD22,10,31,1,1019,Hockett,234,0.998333,192,219,27,24.8,632,749.3,,3961,44,39.06542056,12.26,15.1
2022,SD,SD22,10,31,2,1020,06N2-51,13,0.931667,190,220,30,24.7,526,609.9,,3611,44.8,83.68932039,13.55,14.9
2022,SD,SD22,10,31,3,1021,Lavina,235,0.61,191,213,22,23.1,762,819.8,,3735,39.8,94.57943925,13,15.1
2022,SD,SD22,10,32,1,1022,09N2-72,173,0.716667,189,219,30,24.3,485,738.5,,4405,42.2,82.58196721,13.6,15.4
2022,SD,SD22,10,32,2,1023,07N2-23,47,0.74,189,221,32,23.9,677,819.8,,4487,44.4,75.42016807,12.91,15.2
2022,SD,SD22,11,25,4,1101,08MT-60,87,0.763333,198,219,21,23.2,493,664.1,,3521,43.7,86.25954198,14.12,14.8
2022,SD,SD22,11,25,5,1102,2MS14_3302-011,187,0.863333,190,215,25,21.9,490,678,,3432,45.2,81.34991119,13.81,14.2
2022,SD,SD22,11,25,6,1103,06N2-81,20,1.114286,190,217,27,22.6,578,683,,3863,44.7,92.10526316,12.97,14.8
2022,SD,SD22,11,26,4,1104,09AB-87,142,0.77,201,225,24,23,724,863.3,,3895,41.2,94.01088929,12.97,14.8
2022,SD,SD22,11,26,5,1105,08AB-14,72,0.513333,200,222,22,21.8,546,812,,4529,43.8,77.00729927,13.08,14
2022,SD,SD22,11,26,6,1106,2MS14_3308-025,196,0.585,191,217,26,,475,692.6,,3890,43.8,79.44915254,13.39,14.9
2022,SD,SD22,11,27,4,1107,Odyssey,237,0.558333,195,221,26,20.5,687,801.8,,4154,41.7,93.95085066,12.19,13.6
2022,SD,SD22,11,27,5,1108,09N2-91,178,0.463333,197,224,27,24,557,654.3,,4264,44.6,84.27184466,12.29,14.3
2022,SD,SD22,11,27,6,1109,06WA-90,24,0.78,192,215,23,21.4,472,600.1,,3344,40.2,86.29173989,12.99,14.9
2022,SD,SD22,11,28,4,1110,Lavina,235,0.625,191,214,23,25.6,584,766.1,,3751,41,81.7699115,13.37,14.4
2022,SD,SD22,11,28,5,1111,09N2-31,156,0.865,189,219,30,,633,786.5,,4774,43.9,84.13284133,12.22,15
2022,SD,SD22,11,28,6,1112,2MS14_3342-010,228,1.133333,191,217,26,22.4,641,728.7,,4052,42.3,78.50098619,14.16,14.9
2022,SD,SD22,11,29,4,1113,07N2-19,44,1.505,189,215,26,23.8,603,768.4,,4204,42.3,89.15009042,13.45,15.2
2022,SD,SD22,11,29,5,1114,08WA-16,124,0.816667,196,218,22,24.1,532,742.2,,3736,43,69.83240223,12.97,14.4
2022,SD,SD22,11,29,6,1115,09WA-10,181,0.735,190,217,27,21.8,385,631.4,,3225,41.7,83.14176245,13.91,15
2022,SD,SD22,11,30,4,1116,06N2-15,6,1.391667,192,219,27,24,600,835,,4097,43.2,34.47580645,12.41,15.4
2022,SD,SD22,11,30,5,1117,09N2-86,176,0.736667,202,221,19,21.3,669,793.3,,4087,43.6,86.99029126,12.89,14.8
2022,SD,SD22,11,30,6,1118,09N2-21,154,1.118333,191,218,27,22.6,495,614.3,,3819,41.7,85.95194085,12.36,15.9
2022,SD,SD22,11,31,4,1119,Hockett,234,0.828333,192,218,26,23.4,626,752.9,,4137,43.4,83.36314848,12.61,15
2022,SD,SD22,11,31,5,1120,07N2-37,52,1.308333,188,210,22,24.1,582,628.7,,3752,42.1,89.9795501,12.76,14.7
2022,SD,SD22,11,31,6,1121,Merit57,236,0.736667,194,218,24,23.8,578,740.3,,3553,40.2,89.76833977,13.08,15
2022,SD,SD22,11,32,4,1122,08AB-07,68,1.148333,202,224,22,22.8,642,744.8,,3729,43.3,94.92900609,13.68,15
2022,SD,SD22,11,32,5,1123,06N2-35,10,1.095,191,220,29,26.5,702,810.7,,3885,40.6,86.78500986,12.45,15.8
2022,SD,SD22,12,25,7,1201,2MS14_3304-022,189,0.624286,195,219,24,23.5,430,466.4,,2812,43.4,84.80300188,14.82,16.7
2022,SD,SD22,12,25,8,1202,07AB-55,26,0.678571,203,228,25,26.2,523,720.6,,2593,44.8,93.23583181,14.64,27.1
2022,SD,SD22,12,25,9,1203,2MS14_3342-013,229,0.603333,189,227,38,24,488,636,,3280,43.6,75.6227758,13.46,17.3
2022,SD,SD22,12,26,7,1204,Merit57,236,1.842857,,,,,,,,,,90.95940959,,
2022,SD,SD22,12,26,8,1205,Hockett,234,0.59625,196,218,22,22.6,380,526.5,,3695,44,34.92907801,12.36,16
2022,SD,SD22,12,26,9,1206,2MS14_3342-009,227,0.786667,196,219,23,22.8,387,693,,3221,41.3,84.54706927,14.63,16.8
2022,SD,SD22,12,27,7,1207,2MS14_3310-009,198,0.914286,200,222,22,23.9,545,648.1,,3701,40.7,88.78676471,12.07,16.4
2022,SD,SD22,12,27,8,1208,07AB-92,36,0.548571,199,216,17,22.7,374,480.6,,2862,41.7,90.11857708,13.63,16.6
2022,SD,SD22,12,27,9,1209,08N2-42,99,0.97,190,212,22,25.2,417,533.9,,3126,39.2,94.34628975,12.14,15.9
2022,SD,SD22,12,28,7,1210,Lavina,235,0.713333,192,213,21,19.9,414,381.2,,2904,36.5,85.60606061,13.44,16.6
2022,SD,SD22,12,28,8,1211,07N2-20,45,0.905,190,217,27,23.5,406,476.9,,3182,42,84.28030303,12.96,15.2
2022,SD,SD22,12,28,9,1212,09MT-88,149,0.718333,198,228,30,24.5,492,648.6,,3272,41.9,91.69741697,12.69,18
2022,SD,SD22,12,29,7,1213,07AB-56,27,0.708333,200,221,21,21.9,555,647.4,,3312,42,77.39726027,13.1,15.8
2022,SD,SD22,12,29,8,1214,09MT-92,150,0.896667,194,221,27,22.8,486,636.6,,3413,42.3,86.35547576,12.72,15.7
2022,SD,SD22,12,29,9,1215,06WA-58,23,0.683333,196,219,23,22.6,458,523.7,,3270,43.3,88.33652008,13.39,15.3
2022,SD,SD22,12,30,7,1216,08N2-21,93,0.675,194,219,25,21,733,768.6,,3474,42.8,91.98396794,12.27,15.3
2022,SD,SD22,12,30,8,1217,08AB-02,66,0.745,202,222,20,23.1,441,525.3,,2730,41.1,91.6496945,12.57,17.3
2022,SD,SD22,12,30,9,1218,Odyssey,237,0.558333,199,220,21,23.5,529,593.3,,2904,39.5,84.45692884,12.66,15.3
2022,SD,SD22,12,31,7,1219,08MT-31,85,0.585,199,219,20,21.9,372,416.1,,3090,41.1,92.0913884,13.48,15.3
2022,SD,SD22,12,31,8,1220,08WA-27,129,0.57875,197,220,23,23,685,445.9,,3236,43,76.49186257,13.3,15.2
2022,SD,SD22,12,31,9,1221,2MS14_3342-004,226,0.778333,198,222,24,23.2,544,676.8,,2973,42.5,91.54135338,13.07,15.7
2022,SD,SD22,12,32,7,1222,06N2-26,8,0.895,189,212,23,24.4,463,534.7,,2852,40.6,94.27480916,12.59,15.8
2022,SD,SD22,12,32,8,1223,06WA-39,22,0.793333,199,221,22,23.1,426,534.8,,2872,37.7,89.01734104,12.78,16.7
2021,HI,HI21,1,,,101,08N2-90,,,,,,,,,,,,,,
2021,HI,HI21,1,,,102,08N2-42,,,,,,,,,,,,,,
2021,HI,HI21,1,,,103,Merit57,,,,,,,,,,,,,,
2021,HI,HI21,1,,,104,07N2-23,,,,,,,,,,,,,,
2021,HI,HI21,1,,,105,08WA-32,,,,,,,,,,,,,,
2021,HI,HI21,1,,,106,2MS14_3317-014,,,,,,,,,,,,,,
2021,HI,HI21,1,,,107,07N2-47,,,,,,,,,,,,,,
2021,HI,HI21,1,,,108,2MS14_3337-013,,,,,,,,,,,,,,
2021,HI,HI21,1,,,109,08N2-78,,,,,,,,,,,,,,
2021,HI,HI21,1,,,110,2MS14_3301-021,,,,,,,,,,,,,,
2021,HI,HI21,1,,,111,Lavina,,,,,,,,,,,,,,
2021,HI,HI21,1,,,112,08N2-66,,,,,,,,,,,,,,
2021,HI,HI21,1,,,113,2MS14_3304-022,,,,,,,,,,,,,,
2021,HI,HI21,1,,,114,07N2-28,,,,,,,,,,,,,,
2021,HI,HI21,1,,,115,Odyssey,,,,,,,,,,,,,,
2021,HI,HI21,1,,,116,Hockett,,,,,,,,,,,,,,
2021,HI,HI21,1,,,117,09N2-62,,,,,,,,,,,,,,
2021,HI,HI21,1,,,118,09N2-90,,,,,,,,,,,,,,
2021,HI,HI21,1,,,119,09AB-51,,,,,,,,,,,,,,
2021,HI,HI21,1,,,120,07N2-56,,,,,,,,,,,,,,
2021,HI,HI21,1,,,121,06N2-56,,,,,,,,,,,,,,
2021,HI,HI21,1,,,122,08AB-24,,,,,,,,,,,,,,
2021,HI,HI21,1,,,123,09N2-31,,,,,,,,,,,,,,
2021,HI,HI21,1,,,124,07N2-43,,,,,,,,,,,,,,
2021,HI,HI21,2,,,201,Odyssey,,,,,,,,,,,,,,
2021,HI,HI21,2,,,202,07N2-45,,,,,,,,,,,,,,
2021,HI,HI21,2,,,203,Lavina,,,,,,,,,,,,,,
2021,HI,HI21,2,,,204,2MS14_3314-015,,,,,,,,,,,,,,
2021,HI,HI21,2,,,205,08N2-69,,,,,,,,,,,,,,
2021,HI,HI21,2,,,206,2MS14_3335-007,,,,,,,,,,,,,,
2021,HI,HI21,2,,,207,2MS14_3328-025,,,,,,,,,,,,,,
2021,HI,HI21,2,,,208,09MT-76,,,,,,,,,,,,,,
2021,HI,HI21,2,,,209,08N2-71,,,,,,,,,,,,,,
2021,HI,HI21,2,,,210,08AB-48,,,,,,,,,,,,,,
2021,HI,HI21,2,,,211,09AB-59,,,,,,,,,,,,,,
2021,HI,HI21,2,,,212,08AB-34,,,,,,,,,,,,,,
2021,HI,HI21,2,,,213,08N2-36,,,,,,,,,,,,,,
2021,HI,HI21,2,,,214,07N2-25,,,,,,,,,,,,,,
2021,HI,HI21,2,,,215,2MS14_3310-018,,,,,,,,,,,,,,
2021,HI,HI21,2,,,216,07AB-55,,,,,,,,,,,,,,
2021,HI,HI21,2,,,217,08N2-95,,,,,,,,,,,,,,
2021,HI,HI21,2,,,218,08MT-73,,,,,,,,,,,,,,
2021,HI,HI21,2,,,219,Hockett,,,,,,,,,,,,,,
2021,HI,HI21,2,,,220,09N2-60,,,,,,,,,,,,,,
2021,HI,HI21,2,,,221,09N2-48,,,,,,,,,,,,,,
2021,HI,HI21,2,,,222,08N2-23,,,,,,,,,,,,,,
2021,HI,HI21,2,,,223,Merit57,,,,,,,,,,,,,,
2021,HI,HI21,2,,,224,2MS14_3302-011,,,,,,,,,,,,,,
2021,HI,HI21,3,,,301,Hockett,,,,,,,,,,,,,,
2021,HI,HI21,3,,,302,07N2-83,,,,,,,,,,,,,,
2021,HI,HI21,3,,,303,09N2-37,,,,,,,,,,,,,,
2021,HI,HI21,3,,,304,2MS14_3306-017,,,,,,,,,,,,,,
2021,HI,HI21,3,,,305,09MT-88,,,,,,,,,,,,,,
2021,HI,HI21,3,,,306,08AB-05,,,,,,,,,,,,,,
2021,HI,HI21,3,,,307,Merit57,,,,,,,,,,,,,,
2021,HI,HI21,3,,,308,2MS14_3306-013,,,,,,,,,,,,,,
2021,HI,HI21,3,,,309,07N2-68,,,,,,,,,,,,,,
2021,HI,HI21,3,,,310,Odyssey,,,,,,,,,,,,,,
2021,HI,HI21,3,,,311,08AB-46,,,,,,,,,,,,,,
2021,HI,HI21,3,,,312,2MS14_3317-018,,,,,,,,,,,,,,
2021,HI,HI21,3,,,313,08WA-16,,,,,,,,,,,,,,
2021,HI,HI21,3,,,314,06N2-53,,,,,,,,,,,,,,
2021,HI,HI21,3,,,315,Lavina,,,,,,,,,,,,,,
2021,HI,HI21,3,,,316,08N2-47,,,,,,,,,,,,,,
2021,HI,HI21,3,,,317,08MT-11,,,,,,,,,,,,,,
2021,HI,HI21,3,,,318,08N2-18,,,,,,,,,,,,,,
2021,HI,HI21,3,,,319,2MS14_3317-016,,,,,,,,,,,,,,
2021,HI,HI21,3,,,320,08AB-14,,,,,,,,,,,,,,
2021,HI,HI21,3,,,321,06N2-51,,,,,,,,,,,,,,
2021,HI,HI21,3,,,322,08N2-21,,,,,,,,,,,,,,
2021,HI,HI21,3,,,323,08MT-36,,,,,,,,,,,,,,
2021,HI,HI21,3,,,324,06AB-32,,,,,,,,,,,,,,
2021,HI,HI21,4,,,401,06WA-38,,,,,,,,,,,,,,
2021,HI,HI21,4,,,402,06N2-31,,,,,,,,,,,,,,
2021,HI,HI21,4,,,403,08N2-20,,,,,,,,,,,,,,
2021,HI,HI21,4,,,404,08N2-93,,,,,,,,,,,,,,
2021,HI,HI21,4,,,405,2MS14_3342-022,,,,,,,,,,,,,,
2021,HI,HI21,4,,,406,Lavina,,,,,,,,,,,,,,
2021,HI,HI21,4,,,407,09N2-38,,,,,,,,,,,,,,
2021,HI,HI21,4,,,408,08MT-28,,,,,,,,,,,,,,
2021,HI,HI21,4,,,409,08AB-09,,,,,,,,,,,,,,
2021,HI,HI21,4,,,410,09N2-39,,,,,,,,,,,,,,
2021,HI,HI21,4,,,411,Merit57,,,,,,,,,,,,,,
2021,HI,HI21,4,,,412,Odyssey,,,,,,,,,,,,,,
2021,HI,HI21,4,,,413,07AB-84,,,,,,,,,,,,,,
2021,HI,HI21,4,,,414,09N2-91,,,,,,,,,,,,,,
2021,HI,HI21,4,,,415,07AB-51,,,,,,,,,,,,,,
2021,HI,HI21,4,,,416,06WA-39,,,,,,,,,,,,,,
2021,HI,HI21,4,,,417,Hockett,,,,,,,,,,,,,,
2021,HI,HI21,4,,,418,2MS14_3336-016,,,,,,,,,,,,,,
2021,HI,HI21,4,,,419,2MS14_3318-006,,,,,,,,,,,,,,
2021,HI,HI21,4,,,420,2MS14_3342-013,,,,,,,,,,,,,,
2021,HI,HI21,4,,,421,06N2-26,,,,,,,,,,,,,,
2021,HI,HI21,4,,,422,08AB-07,,,,,,,,,,,,,,
2021,HI,HI21,4,,,423,08AB-47,,,,,,,,,,,,,,
2021,HI,HI21,4,,,424,06N2-64,,,,,,,,,,,,,,
2021,HI,HI21,5,,,501,06N2-54,,,,,,,,,,,,,,
2021,HI,HI21,5,,,502,Lavina,,,,,,,,,,,,,,
2021,HI,HI21,5,,,503,08WA-34,,,,,,,,,,,,,,
2021,HI,HI21,5,,,504,09N2-51,,,,,,,,,,,,,,
2021,HI,HI21,5,,,505,2MS14_3308-025,,,,,,,,,,,,,,
2021,HI,HI21,5,,,506,2MS14_3305-002,,,,,,,,,,,,,,
2021,HI,HI21,5,,,507,09N2-58,,,,,,,,,,,,,,
2021,HI,HI21,5,,,508,07N2-20,,,,,,,,,,,,,,
2021,HI,HI21,5,,,509,08N2-54,,,,,,,,,,,,,,
2021,HI,HI21,5,,,510,09N2-16,,,,,,,,,,,,,,
2021,HI,HI21,5,,,511,06N2-49,,,,,,,,,,,,,,
2021,HI,HI21,5,,,512,08N2-77,,,,,,,,,,,,,,
2021,HI,HI21,5,,,513,06WA-58,,,,,,,,,,,,,,
2021,HI,HI21,5,,,514,Hockett,,,,,,,,,,,,,,
2021,HI,HI21,5,,,515,2MS14_3316-020,,,,,,,,,,,,,,
2021,HI,HI21,5,,,516,Merit57,,,,,,,,,,,,,,
2021,HI,HI21,5,,,517,08WA-24,,,,,,,,,,,,,,
2021,HI,HI21,5,,,518,08WA-46,,,,,,,,,,,,,,
2021,HI,HI21,5,,,519,09N2-18,,,,,,,,,,,,,,
2021,HI,HI21,5,,,520,Odyssey,,,,,,,,,,,,,,
2021,HI,HI21,5,,,521,08N2-82,,,,,,,,,,,,,,
2021,HI,HI21,5,,,522,08N2-27,,,,,,,,,,,,,,
2021,HI,HI21,5,,,523,06N2-14,,,,,,,,,,,,,,
2021,HI,HI21,5,,,524,07AB-59,,,,,,,,,,,,,,
2021,HI,HI21,6,,,601,09MT-37,,,,,,,,,,,,,,
2021,HI,HI21,6,,,602,2MS14_3316-005,,,,,,,,,,,,,,
2021,HI,HI21,6,,,603,Lavina,,,,,,,,,,,,,,
2021,HI,HI21,6,,,604,08N2-51,,,,,,,,,,,,,,
2021,HI,HI21,6,,,605,2MS14_3307-008,,,,,,,,,,,,,,
2021,HI,HI21,6,,,606,09N2-93,,,,,,,,,,,,,,
2021,HI,HI21,6,,,607,07N2-14,,,,,,,,,,,,,,
2021,HI,HI21,6,,,608,09N2-68,,,,,,,,,,,,,,
2021,HI,HI21,6,,,609,2MS14_3315-005,,,,,,,,,,,,,,
2021,HI,HI21,6,,,610,09AB-29,,,,,,,,,,,,,,
2021,HI,HI21,6,,,611,08AB-13,,,,,,,,,,,,,,
2021,HI,HI21,6,,,612,08N2-17,,,,,,,,,,,,,,
2021,HI,HI21,6,,,613,2MS14_3309-029,,,,,,,,,,,,,,
2021,HI,HI21,6,,,614,07N2-29,,,,,,,,,,,,,,
2021,HI,HI21,6,,,615,Hockett,,,,,,,,,,,,,,
2021,HI,HI21,6,,,616,2MS14_3340-013,,,,,,,,,,,,,,
2021,HI,HI21,6,,,617,Odyssey,,,,,,,,,,,,,,
2021,HI,HI21,6,,,618,06N2-15,,,,,,,,,,,,,,
2021,HI,HI21,6,,,619,08MT-31,,,,,,,,,,,,,,
2021,HI,HI21,6,,,620,09AB-87,,,,,,,,,,,,,,
2021,HI,HI21,6,,,621,Merit57,,,,,,,,,,,,,,
2021,HI,HI21,6,,,622,2MS14_3312-020,,,,,,,,,,,,,,
2021,HI,HI21,6,,,623,2MS14_3342-010,,,,,,,,,,,,,,
2021,HI,HI21,7,,,701,07N2-37,,,,,,,,,,,,,,
2021,HI,HI21,7,,,702,2MS14_3340-004,,,,,,,,,,,,,,
2021,HI,HI21,7,,,703,2MS14_3301-001,,,,,,,,,,,,,,
2021,HI,HI21,7,,,704,07WA-17,,,,,,,,,,,,,,
2021,HI,HI21,7,,,705,Lavina,,,,,,,,,,,,,,
2021,HI,HI21,7,,,706,2MS14_3324-018,,,,,,,,,,,,,,
2021,HI,HI21,7,,,707,Hockett,,,,,,,,,,,,,,
2021,HI,HI21,7,,,708,2MS14_3308-020,,,,,,,,,,,,,,
2021,HI,HI21,7,,,709,08WA-53,,,,,,,,,,,,,,
2021,HI,HI21,7,,,710,06N2-67,,,,,,,,,,,,,,
2021,HI,HI21,7,,,711,Odyssey,,,,,,,,,,,,,,
2021,HI,HI21,7,,,712,09MT-34,,,,,,,,,,,,,,
2021,HI,HI21,7,,,713,09N2-66,,,,,,,,,,,,,,
2021,HI,HI21,7,,,714,08N2-22,,,,,,,,,,,,,,
2021,HI,HI21,7,,,715,08N2-52,,,,,,,,,,,,,,
2021,HI,HI21,7,,,716,08MT-03,,,,,,,,,,,,,,
2021,HI,HI21,7,,,717,06N2-81,,,,,,,,,,,,,,
2021,HI,HI21,7,,,718,07WA-45,,,,,,,,,,,,,,
2021,HI,HI21,7,,,719,09WA-39,,,,,,,,,,,,,,
2021,HI,HI21,7,,,720,07AB-85,,,,,,,,,,,,,,
2021,HI,HI21,7,,,721,09N2-64,,,,,,,,,,,,,,
2021,HI,HI21,7,,,722,2MS14_3302-026,,,,,,,,,,,,,,
2021,HI,HI21,7,,,723,Merit57,,,,,,,,,,,,,,
2021,HI,HI21,8,,,801,06N2-23,,,,,,,,,,,,,,
2021,HI,HI21,8,,,802,06AB-08,,,,,,,,,,,,,,
2021,HI,HI21,8,,,803,Hockett,,,,,,,,,,,,,,
2021,HI,HI21,8,,,804,2MS14_3340-022,,,,,,,,,,,,,,
2021,HI,HI21,8,,,805,07N2-41,,,,,,,,,,,,,,
2021,HI,HI21,8,,,806,08WA-15,,,,,,,,,,,,,,
2021,HI,HI21,8,,,807,Lavina,,,,,,,,,,,,,,
2021,HI,HI21,8,,,808,08N2-68,,,,,,,,,,,,,,
2021,HI,HI21,8,,,809,08AB-31,,,,,,,,,,,,,,
2021,HI,HI21,8,,,810,08N2-49,,,,,,,,,,,,,,
2021,HI,HI21,8,,,811,08WA-04,,,,,,,,,,,,,,
2021,HI,HI21,8,,,812,06N2-79,,,,,,,,,,,,,,
2021,HI,HI21,8,,,813,06N2-47,,,,,,,,,,,,,,
2021,HI,HI21,8,,,814,09WA-10,,,,,,,,,,,,,,
2021,HI,HI21,8,,,815,Merit57,,,,,,,,,,,,,,
2021,HI,HI21,8,,,816,2MS14_3317-006,,,,,,,,,,,,,,
2021,HI,HI21,8,,,817,2MS14_3310-009,,,,,,,,,,,,,,
2021,HI,HI21,8,,,818,09WA-30,,,,,,,,,,,,,,
2021,HI,HI21,8,,,819,09MT-75,,,,,,,,,,,,,,
2021,HI,HI21,8,,,820,Odyssey,,,,,,,,,,,,,,
2021,HI,HI21,8,,,821,07N2-64,,,,,,,,,,,,,,
2021,HI,HI21,8,,,822,2MS14_3310-012,,,,,,,,,,,,,,
2021,HI,HI21,8,,,823,07AB-91,,,,,,,,,,,,,,
2021,HI,HI21,9,,,901,Lavina,,,,,,,,,,,,,,
2021,HI,HI21,9,,,902,07BA-94,,,,,,,,,,,,,,
2021,HI,HI21,9,,,903,07AB-63,,,,,,,,,,,,,,
2021,HI,HI21,9,,,904,06MT-93,,,,,,,,,,,,,,
2021,HI,HI21,9,,,905,Merit57,,,,,,,,,,,,,,
2021,HI,HI21,9,,,906,08MT-60,,,,,,,,,,,,,,
2021,HI,HI21,9,,,907,Hockett,,,,,,,,,,,,,,
2021,HI,HI21,9,,,908,09N2-65,,,,,,,,,,,,,,
2021,HI,HI21,9,,,909,08AB-08,,,,,,,,,,,,,,
2021,HI,HI21,9,,,910,09MT-93,,,,,,,,,,,,,,
2021,HI,HI21,9,,,911,07N2-19,,,,,,,,,,,,,,
2021,HI,HI21,9,,,912,08WA-21,,,,,,,,,,,,,,
2021,HI,HI21,9,,,913,09N2-61,,,,,,,,,,,,,,
2021,HI,HI21,9,,,914,Odyssey,,,,,,,,,,,,,,
2021,HI,HI21,9,,,915,08AB-22,,,,,,,,,,,,,,
2021,HI,HI21,9,,,916,2MS14_3340-025,,,,,,,,,,,,,,
2021,HI,HI21,9,,,917,09N2-29,,,,,,,,,,,,,,
2021,HI,HI21,9,,,918,09N2-86,,,,,,,,,,,,,,
2021,HI,HI21,9,,,919,09AB-27,,,,,,,,,,,,,,
2021,HI,HI21,9,,,920,08N2-34,,,,,,,,,,,,,,
2021,HI,HI21,9,,,921,08N2-70,,,,,,,,,,,,,,
2021,HI,HI21,9,,,922,06WA-90,,,,,,,,,,,,,,
2021,HI,HI21,9,,,923,09AB-25,,,,,,,,,,,,,,
2021,HI,HI21,10,,,1001,07WA-12,,,,,,,,,,,,,,
2021,HI,HI21,10,,,1002,07N2-17,,,,,,,,,,,,,,
2021,HI,HI21,10,,,1003,2MS14_3342-018,,,,,,,,,,,,,,
2021,HI,HI21,10,,,1004,09N2-72,,,,,,,,,,,,,,
2021,HI,HI21,10,,,1005,06N2-02,,,,,,,,,,,,,,
2021,HI,HI21,10,,,1006,Merit57,,,,,,,,,,,,,,
2021,HI,HI21,10,,,1007,2MS14_3342-009,,,,,,,,,,,,,,
2021,HI,HI21,10,,,1008,07AB-92,,,,,,,,,,,,,,
2021,HI,HI21,10,,,1009,Odyssey,,,,,,,,,,,,,,
2021,HI,HI21,10,,,1010,07N2-46,,,,,,,,,,,,,,
2021,HI,HI21,10,,,1011,09N2-96,,,,,,,,,,,,,,
2021,HI,HI21,10,,,1012,07N2-16,,,,,,,,,,,,,,
2021,HI,HI21,10,,,1013,08WA-58,,,,,,,,,,,,,,
2021,HI,HI21,10,,,1014,Hockett,,,,,,,,,,,,,,
2021,HI,HI21,10,,,1015,07MT-10,,,,,,,,,,,,,,
2021,HI,HI21,10,,,1016,06N2-35,,,,,,,,,,,,,,
2021,HI,HI21,10,,,1017,07N2-36,,,,,,,,,,,,,,
2021,HI,HI21,10,,,1018,08N2-79,,,,,,,,,,,,,,
2021,HI,HI21,10,,,1019,Lavina,,,,,,,,,,,,,,
2021,HI,HI21,10,,,1020,07AB-80,,,,,,,,,,,,,,
2021,HI,HI21,10,,,1021,09MT-92,,,,,,,,,,,,,,
2021,HI,HI21,10,,,1022,09MT-62,,,,,,,,,,,,,,
2021,HI,HI21,10,,,1023,08WA-11,,,,,,,,,,,,,,
2021,HI,HI21,11,,,1101,08N2-48,,,,,,,,,,,,,,
2021,HI,HI21,11,,,1102,2MS14_3317-025,,,,,,,,,,,,,,
2021,HI,HI21,11,,,1103,07AB-56,,,,,,,,,,,,,,
2021,HI,HI21,11,,,1104,2MS14_3336-002,,,,,,,,,,,,,,
2021,HI,HI21,11,,,1105,2MS14_3315-015,,,,,,,,,,,,,,
2021,HI,HI21,11,,,1106,08WA-48,,,,,,,,,,,,,,
2021,HI,HI21,11,,,1107,2MS14_3306-007,,,,,,,,,,,,,,
2021,HI,HI21,11,,,1108,08MT-79,,,,,,,,,,,,,,
2021,HI,HI21,11,,,1109,08N2-64,,,,,,,,,,,,,,
2021,HI,HI21,11,,,1110,09AB-54,,,,,,,,,,,,,,
2021,HI,HI21,11,,,1111,08AB-23,,,,,,,,,,,,,,
2021,HI,HI21,11,,,1112,2MS14_3346-002,,,,,,,,,,,,,,
2021,HI,HI21,11,,,1113,2MS14_3310-017,,,,,,,,,,,,,,
2021,HI,HI21,11,,,1114,Merit57,,,,,,,,,,,,,,
2021,HI,HI21,11,,,1115,08AB-02,,,,,,,,,,,,,,
2021,HI,HI21,11,,,1116,Lavina,,,,,,,,,,,,,,
2021,HI,HI21,11,,,1117,2MS14_3310-019,,,,,,,,,,,,,,
2021,HI,HI21,11,,,1118,08AB-17,,,,,,,,,,,,,,
2021,HI,HI21,11,,,1119,07AB-93,,,,,,,,,,,,,,
2021,HI,HI21,11,,,1120,09N2-83,,,,,,,,,,,,,,
2021,HI,HI21,11,,,1121,Odyssey,,,,,,,,,,,,,,
2021,HI,HI21,11,,,1122,09N2-84,,,,,,,,,,,,,,
2021,HI,HI21,11,,,1123,Hockett,,,,,,,,,,,,,,
2021,HI,HI21,12,,,1201,09N2-67,,,,,,,,,,,,,,
2021,HI,HI21,12,,,1202,09N2-21,,,,,,,,,,,,,,
2021,HI,HI21,12,,,1203,Merit57,,,,,,,,,,,,,,
2021,HI,HI21,12,,,1204,2MS14_3345-013,,,,,,,,,,,,,,
2021,HI,HI21,12,,,1205,Lavina,,,,,,,,,,,,,,
2021,HI,HI21,12,,,1206,2MS14_3342-004,,,,,,,,,,,,,,
2021,HI,HI21,12,,,1207,2MS14_3301-016,,,,,,,,,,,,,,
2021,HI,HI21,12,,,1208,09MT-22,,,,,,,,,,,,,,
2021,HI,HI21,12,,,1209,Odyssey,,,,,,,,,,,,,,
2021,HI,HI21,12,,,1210,08WA-02,,,,,,,,,,,,,,
2021,HI,HI21,12,,,1211,08WA-27,,,,,,,,,,,,,,
2021,HI,HI21,12,,,1212,08N2-53,,,,,,,,,,,,,,
2021,HI,HI21,12,,,1213,08WA-20,,,,,,,,,,,,,,
2021,HI,HI21,12,,,1214,2MS14_3312-012,,,,,,,,,,,,,,
2021,HI,HI21,12,,,1215,07AB-89,,,,,,,,,,,,,,
2021,HI,HI21,12,,,1216,09N2-69,,,,,,,,,,,,,,
2021,HI,HI21,12,,,1217,09N2-63,,,,,,,,,,,,,,
2021,HI,HI21,12,,,1218,08AB-01,,,,,,,,,,,,,,
2021,HI,HI21,12,,,1219,07N2-01,,,,,,,,,,,,,,
2021,HI,HI21,12,,,1220,08WA-23,,,,,,,,,,,,,,
2021,HI,HI21,12,,,1221,Hockett,,,,,,,,,,,,,,
2021,HI,HI21,12,,,1222,07N2-21,,,,,,,,,,,,,,
2021,HI,HI21,12,,,1223,07AB-81,,,,,,,,,,,,,,